id,issue_number,author,created_at,updated_at,body_length
1777383466,10633,sguttikon,2023-10-24T14:44:05Z,2023-10-24T14:44:05Z,24
3507372851,10633,chenrxi,2025-11-09T02:40:27Z,2025-11-09T02:40:27Z,26
3506552438,11585,wjjjjyourFA,2025-11-08T13:44:08Z,2025-11-08T13:44:08Z,51
3506549419,12410,wjjjjyourFA,2025-11-08T13:38:42Z,2025-11-08T13:38:42Z,108
1357092510,9491,ZwwWayne,2022-12-19T04:53:17Z,2022-12-19T04:53:17Z,282
1357126512,9491,yourbikun,2022-12-19T05:38:17Z,2022-12-19T05:38:17Z,371
3506537690,9491,wjjjjyourFA,2025-11-08T13:17:40Z,2025-11-08T13:17:40Z,869
1912124744,11416,Kobamiyannnn,2024-01-26T14:07:14Z,2024-01-30T06:15:11Z,52
1912945289,11416,makecent,2024-01-27T03:28:22Z,2024-01-27T03:28:22Z,407
2016331993,11416,Cosmo1210,2024-03-23T03:44:18Z,2024-03-23T03:44:18Z,35
2029766432,11416,black-prince222,2024-04-01T13:32:59Z,2024-04-01T13:32:59Z,14
2165520420,11416,JackeyGuo,2024-06-13T12:30:00Z,2024-06-13T12:30:00Z,41
2171801963,11416,Helen-Cheung,2024-06-16T18:34:03Z,2024-06-16T18:34:03Z,60
2244368088,11416,caiduoduo12138,2024-07-23T06:39:15Z,2024-07-23T06:39:15Z,29
2383689034,11416,MRCVEngineer,2024-09-30T16:43:17Z,2024-09-30T16:43:17Z,70
2636211692,11416,dmenig,2025-02-05T09:37:38Z,2025-02-05T09:37:38Z,120
3501197463,11416,NOTGOOOOD,2025-11-07T08:06:48Z,2025-11-07T08:06:48Z,72
3488904227,12409,a819411321,2025-11-05T02:32:10Z,2025-11-05T02:32:10Z,391
3425623187,12405,lauriebax,2025-10-21T09:29:02Z,2025-10-21T12:28:54Z,446
3426327178,12405,sparshgarg23,2025-10-21T12:22:57Z,2025-10-21T12:22:57Z,30
3426355151,12405,lauriebax,2025-10-21T12:29:10Z,2025-10-21T12:29:10Z,57
3427091599,12405,sparshgarg23,2025-10-21T14:49:23Z,2025-10-21T14:49:23Z,109
3427139297,12405,lauriebax,2025-10-21T15:00:13Z,2025-10-21T15:00:13Z,435
3427158534,12405,sparshgarg23,2025-10-21T15:04:33Z,2025-10-21T15:09:35Z,256
3427451736,12405,lauriebax,2025-10-21T16:06:44Z,2025-10-21T16:06:44Z,151
3427499710,12405,sparshgarg23,2025-10-21T16:18:36Z,2025-10-21T16:18:36Z,1134
3428379505,12405,psantiago-lsbd,2025-10-21T17:57:34Z,2025-10-21T18:00:59Z,3963
3430711372,12405,lauriebax,2025-10-22T06:42:04Z,2025-10-22T06:42:04Z,454
3430748163,12405,lauriebax,2025-10-22T06:58:00Z,2025-10-22T06:58:00Z,82
3467311104,12405,adehad,2025-10-30T10:47:09Z,2025-10-30T10:47:09Z,522
3467748239,12405,lauriebax,2025-10-30T12:26:48Z,2025-10-30T12:26:48Z,417
3468634383,12405,adehad,2025-10-30T15:34:23Z,2025-10-30T15:34:23Z,1615
3471621903,12405,lauriebax,2025-10-31T07:26:25Z,2025-10-31T07:26:25Z,107
3478056312,12405,sparshgarg23,2025-11-02T15:42:09Z,2025-11-02T15:42:09Z,7987
1975594849,11475,Leeyuucheer,2024-03-04T03:15:04Z,2024-03-04T03:15:04Z,29
2028744106,11475,V1nk4n,2024-03-31T13:36:52Z,2024-03-31T13:36:52Z,55
2052171999,11475,vetsasai,2024-04-12T17:20:28Z,2024-04-12T17:20:28Z,143
2052186093,11475,ruckc,2024-04-12T17:31:18Z,2024-04-12T17:31:18Z,138
2134853920,11475,lmw0320,2024-05-28T10:16:33Z,2024-05-28T10:16:33Z,772
2429588337,11475,henryrobbins,2024-10-22T15:24:12Z,2024-10-22T15:24:12Z,683
2486651279,11475,DominikFilipiak,2024-11-19T20:09:31Z,2024-11-19T20:10:22Z,3236
3396010926,11475,yaobaishen,2025-10-13T06:19:02Z,2025-10-13T06:19:02Z,167
3472049292,11475,morecodinguz,2025-10-31T09:15:57Z,2025-10-31T09:15:57Z,77
3388082544,12403,SzhangS,2025-10-10T02:40:03Z,2025-10-10T02:40:03Z,3
3390731279,12403,sparshgarg23,2025-10-10T15:19:27Z,2025-10-10T15:19:27Z,27
3453848928,12403,NKUShaw,2025-10-27T23:52:39Z,2025-10-27T23:52:39Z,63
1764133665,11044,hhaAndroid,2023-10-16T10:01:02Z,2023-10-16T10:01:02Z,81
1765637967,11044,mdk19015,2023-10-17T04:15:49Z,2023-10-18T02:53:29Z,262
1802428523,11044,sheethalb,2023-11-08T18:27:09Z,2023-11-08T18:27:09Z,3009
1834526406,11044,flstahl,2023-11-30T20:37:59Z,2023-11-30T20:37:59Z,125
1837666095,11044,mdk19015,2023-12-04T00:37:16Z,2023-12-04T00:37:16Z,94
1838494254,11044,flstahl,2023-12-04T12:01:26Z,2023-12-04T12:01:26Z,1656
1839382353,11044,helq2612,2023-12-04T19:59:50Z,2023-12-04T20:03:57Z,639
1839618862,11044,flstahl,2023-12-04T22:34:11Z,2023-12-04T22:34:11Z,153
2424600663,11044,lanqz7766,2024-10-20T05:12:12Z,2024-10-20T05:12:12Z,769
2481340722,11044,L1NINE,2024-11-17T16:18:35Z,2024-11-17T16:18:49Z,502
2487734343,11044,toshi-k,2024-11-20T07:36:09Z,2024-11-20T07:36:09Z,117
2496222773,11044,michaelmohamed,2024-11-24T20:45:49Z,2024-11-24T20:45:49Z,27
2506251904,11044,TomoyaFukui,2024-11-28T14:28:53Z,2024-11-28T14:31:46Z,667
2570808166,11044,Wild-Stephen,2025-01-04T08:48:36Z,2025-01-04T08:48:36Z,694
2673150744,11044,zakki,2025-02-21T01:46:54Z,2025-02-21T01:46:54Z,104
3267533452,11044,alexngUNC,2025-09-08T18:58:01Z,2025-09-08T18:58:01Z,740
3450402942,11044,nguyenthekhoig7,2025-10-27T09:51:01Z,2025-10-27T10:34:34Z,2303
3425635496,12360,lauriebax,2025-10-21T09:32:31Z,2025-10-21T09:32:31Z,464
3199248654,12396,impAcreat,2025-08-19T05:25:05Z,2025-08-19T05:25:05Z,10
3200137770,12396,LinChengHao3606307,2025-08-19T10:17:29Z,2025-08-19T10:17:29Z,4
3200913496,12396,strykerlo,2025-08-19T14:05:38Z,2025-08-19T14:05:38Z,15
3201503664,12396,KenOcheltree,2025-08-19T16:55:49Z,2025-08-19T16:55:49Z,25
3202238429,12396,azias,2025-08-19T21:11:51Z,2025-08-19T21:14:55Z,8371
3205673391,12396,wokaikaixinxin,2025-08-20T11:07:22Z,2025-08-20T11:07:22Z,4
3205970693,12396,MoArif,2025-08-20T11:56:49Z,2025-08-20T11:56:49Z,39
3206359959,12396,KenOcheltree,2025-08-20T13:31:59Z,2025-08-20T13:31:59Z,140
3217921167,12396,hfassold,2025-08-24T07:56:30Z,2025-08-24T07:56:30Z,74
3241035200,12396,RolandRitt,2025-09-01T06:36:02Z,2025-09-01T06:36:02Z,106
3425631525,12396,lauriebax,2025-10-21T09:31:20Z,2025-10-21T09:31:20Z,575
3349447312,12404,tam-trance,2025-09-30T00:04:30Z,2025-09-30T00:04:30Z,553
3349468375,12404,tam-trance,2025-09-30T00:15:50Z,2025-09-30T00:15:50Z,550
3349781990,12404,tam-trance,2025-09-30T03:14:58Z,2025-09-30T03:14:58Z,523
3409478034,12404,Spatialgeolab,2025-10-16T07:08:48Z,2025-10-16T07:08:48Z,104
3251347502,12399,ctgushiwei,2025-09-04T01:25:12Z,2025-09-04T01:25:12Z,131
3251363728,12399,ctgushiwei,2025-09-04T01:28:53Z,2025-09-04T01:28:53Z,18
3404567800,12399,jryxxx,2025-10-15T05:22:30Z,2025-10-15T05:22:30Z,28
656477815,3271,ahchang2,2020-07-10T04:38:25Z,2020-07-10T04:38:25Z,334
656540262,3271,qianwangn,2020-07-10T07:55:17Z,2020-07-10T07:55:17Z,13
656547649,3271,xvjiarui,2020-07-10T08:11:53Z,2020-07-10T08:11:53Z,51
656817135,3271,ShidiDaisy,2020-07-10T18:21:25Z,2020-07-10T18:21:25Z,587
656978445,3271,xvjiarui,2020-07-11T03:29:17Z,2020-07-11T03:29:17Z,244
657099618,3271,ShidiDaisy,2020-07-11T17:27:57Z,2020-07-11T17:27:57Z,1137
657244233,3271,VANRao-Stack,2020-07-12T16:20:37Z,2020-07-12T16:20:37Z,650
657658666,3271,Vankeee,2020-07-13T16:24:56Z,2020-07-13T16:24:56Z,22
658725508,3271,ghost,2020-07-15T11:58:02Z,2020-07-15T11:58:02Z,765
658834674,3271,ShidiDaisy,2020-07-15T15:26:55Z,2020-07-15T15:26:55Z,1923
658964734,3271,xvjiarui,2020-07-15T19:33:54Z,2020-07-15T19:33:54Z,223
659326197,3271,peeyushpashine,2020-07-16T10:34:57Z,2020-07-16T10:34:57Z,150
659326946,3271,xvjiarui,2020-07-16T10:36:30Z,2020-07-16T10:36:30Z,91
659328233,3271,peeyushpashine,2020-07-16T10:39:30Z,2020-07-16T10:39:30Z,37
659449140,3271,ShidiDaisy,2020-07-16T14:28:02Z,2020-07-16T14:28:02Z,385
660014471,3271,ZwwWayne,2020-07-17T10:07:53Z,2020-07-17T10:07:53Z,369
660176177,3271,deepaksinghcv,2020-07-17T15:38:41Z,2020-07-17T15:38:41Z,77
663521443,3271,helloMickey,2020-07-24T12:47:47Z,2020-07-24T12:47:47Z,105
664276853,3271,david-littlefield,2020-07-27T10:23:57Z,2020-07-27T10:23:57Z,109
665480925,3271,peeyushpashine,2020-07-29T07:15:36Z,2020-07-29T07:15:36Z,61
665544698,3271,vadimtimakin,2020-07-29T09:16:47Z,2020-07-29T09:17:25Z,893
667495340,3271,ZwwWayne,2020-08-01T08:31:03Z,2020-08-01T08:31:03Z,1059
669068569,3271,liuligang123,2020-08-05T08:49:38Z,2020-08-05T08:49:38Z,124
686443604,3271,sisse008,2020-09-03T12:05:47Z,2020-09-03T12:07:37Z,41
688772233,3271,curehabit,2020-09-08T10:18:45Z,2020-09-08T10:18:45Z,69
702475118,3271,cll011,2020-10-02T01:10:26Z,2020-10-02T01:10:26Z,174
711104172,3271,chengzi999,2020-10-18T01:40:09Z,2020-10-18T01:40:09Z,92
762384171,3271,dreamflasher,2021-01-18T17:28:15Z,2021-01-18T17:28:15Z,141
762705676,3271,surendrallam,2021-01-19T09:09:17Z,2021-01-19T09:14:36Z,279
767253173,3271,dtlam26,2021-01-26T02:51:03Z,2021-01-26T02:51:25Z,196
767284034,3271,surendrallam,2021-01-26T04:10:40Z,2021-01-26T04:10:40Z,708
794040066,3271,rh-ia,2021-03-09T15:23:03Z,2021-03-09T15:23:03Z,253
811992738,3271,luooofan,2021-04-01T15:37:46Z,2021-04-01T15:37:46Z,535
817141220,3271,TheFebrin,2021-04-10T14:00:27Z,2021-04-10T14:07:33Z,1506
818574171,3271,kapil-varshney,2021-04-13T09:01:05Z,2021-04-13T09:04:17Z,1582
819323495,3271,KKhushhalR2405,2021-04-14T08:10:52Z,2021-04-14T08:10:52Z,1704
819346751,3271,kapil-varshney,2021-04-14T08:45:02Z,2021-04-14T08:45:02Z,1827
819359464,3271,KKhushhalR2405,2021-04-14T09:03:34Z,2021-04-14T09:03:34Z,1960
819376312,3271,kapil-varshney,2021-04-14T09:28:43Z,2021-04-14T09:28:43Z,2197
819376423,3271,kapil-varshney,2021-04-14T09:28:53Z,2021-04-14T09:28:53Z,2197
819382406,3271,KKhushhalR2405,2021-04-14T09:38:07Z,2021-04-14T09:38:07Z,2385
819682737,3271,kapil-varshney,2021-04-14T17:15:21Z,2021-04-14T17:15:21Z,3542
821195994,3271,SamMohel,2021-04-16T13:57:14Z,2021-04-16T13:57:14Z,3684
821243097,3271,surendrallam,2021-04-16T15:07:11Z,2021-04-16T15:09:39Z,233
821574307,3271,SamMohel,2021-04-16T21:30:52Z,2021-04-16T21:30:52Z,1852
822399312,3271,THEBEST-cloud,2021-04-19T11:37:13Z,2021-04-19T11:37:13Z,197
825977528,3271,nikhilbyte,2021-04-23T22:38:51Z,2021-04-23T22:38:51Z,243
850606233,3271,azmathmoosa,2021-05-28T18:55:30Z,2021-05-28T18:55:30Z,3080
901088879,3271,franva,2021-08-18T12:52:01Z,2021-08-18T12:52:01Z,93
901094121,3271,THEBEST-cloud,2021-08-18T12:59:14Z,2021-08-18T12:59:14Z,798
977982684,3271,francescotaioli,2021-11-24T15:27:11Z,2021-11-24T15:27:11Z,505
990543975,3271,fingertap,2021-12-10T02:23:06Z,2021-12-10T02:23:06Z,127
1079966541,3271,wulala-max,2022-03-27T16:36:42Z,2022-03-27T16:36:42Z,1158
1122139495,3271,GeneralJing,2022-05-10T09:17:19Z,2022-05-10T09:21:13Z,3295
1192319876,3271,timtheuz,2022-07-22T08:28:41Z,2022-07-22T08:28:41Z,2068
1220730033,3271,whybeyoung,2022-08-19T14:13:22Z,2022-08-19T14:13:47Z,157
1226131268,3271,Akshaypatil15,2022-08-24T19:10:00Z,2022-08-24T19:10:00Z,195
1308131539,3271,116022017144,2022-11-09T02:53:40Z,2022-11-09T02:53:40Z,123
1370510416,3271,DNQuAng10,2023-01-04T05:43:27Z,2023-01-04T05:44:00Z,169
1399492402,3271,ShaihW,2023-01-22T13:46:59Z,2023-01-22T13:46:59Z,319
1461697612,3271,hello-world-zsp,2023-03-09T09:56:45Z,2023-03-09T09:56:45Z,286
1463978972,3271,ShaihW,2023-03-10T15:36:33Z,2023-03-10T15:36:33Z,380
1489424367,3271,Amr-Mustafa,2023-03-29T22:34:22Z,2023-03-29T22:34:22Z,317
1521785674,3271,pietermarsman,2023-04-25T13:24:09Z,2023-04-25T13:24:09Z,356
1568216622,3271,mohdsaqibxa,2023-05-30T10:50:46Z,2023-05-30T10:50:46Z,344
1683581904,3271,lobanov-m,2023-08-18T08:49:59Z,2023-08-18T08:49:59Z,190
1730322451,3271,nicolefinnie,2023-09-21T21:23:54Z,2023-09-21T21:23:54Z,134
1761187996,3271,IanLynnEE,2023-10-13T09:14:54Z,2023-10-13T09:14:54Z,525
1783153971,3271,carlosgomez1987,2023-10-27T15:58:39Z,2023-10-27T15:58:39Z,270
1783167506,3271,carlosgomez1987,2023-10-27T16:08:39Z,2023-10-27T16:08:39Z,515
1784577492,3271,nouranali,2023-10-30T06:48:50Z,2023-10-30T06:48:50Z,586
1800797703,3271,Ishu-Kalra,2023-11-08T00:45:49Z,2023-11-08T00:45:49Z,78
1853522246,3271,satani99,2023-12-13T09:06:22Z,2023-12-13T09:06:22Z,58
1854948987,3271,bs7280,2023-12-14T01:16:16Z,2023-12-14T01:16:16Z,264
1855182469,3271,carlosgomez1987,2023-12-14T05:47:18Z,2023-12-14T05:47:18Z,858
1887575409,3271,seginusmowlavi,2024-01-11T16:55:47Z,2024-01-11T16:55:47Z,712
1888907951,3271,rkj12345,2024-01-12T11:15:47Z,2024-01-12T11:16:30Z,259
1944138231,3271,vetsasai,2024-02-14T16:05:46Z,2024-04-12T17:17:44Z,755
2052055176,3271,alon1samuel,2024-04-12T16:09:23Z,2024-04-12T16:09:23Z,615
2060294441,3271,dierfeichai2,2024-04-17T03:51:17Z,2024-04-17T03:51:17Z,267
2082803809,3271,maximefuchs,2024-04-29T13:47:29Z,2024-04-29T13:47:48Z,203
2083745983,3271,seginusmowlavi,2024-04-29T21:51:38Z,2024-04-29T21:51:38Z,159
2084759953,3271,maximefuchs,2024-04-30T08:56:49Z,2024-04-30T08:56:49Z,830
2105463438,3271,yokosyun,2024-05-11T02:34:33Z,2024-05-11T02:35:24Z,557
2124177270,3271,maximefuchs,2024-05-22T08:26:13Z,2024-05-22T08:26:13Z,1552
2234350673,3271,agirishkumar,2024-07-17T21:27:21Z,2024-07-17T21:27:21Z,548
2245765032,3271,christinab12,2024-07-23T16:59:06Z,2024-07-23T16:59:45Z,916
2541313164,3271,Zaheer-10,2024-12-13T12:11:33Z,2024-12-13T12:11:33Z,451
2541355765,3271,vetsasai,2024-12-13T12:36:14Z,2024-12-13T12:36:14Z,817
3057357134,3271,hieubnt235,2025-07-10T13:00:15Z,2025-07-10T13:00:15Z,78
3095057997,3271,Laudarisd,2025-07-21T02:32:31Z,2025-07-21T02:32:31Z,189
3111996341,3271,YMRTZ,2025-07-24T05:20:18Z,2025-07-24T05:20:18Z,75
3112012355,3271,Laudarisd,2025-07-24T05:30:38Z,2025-07-24T05:30:38Z,125
3148713097,3271,yokosyun,2025-08-03T21:34:28Z,2025-08-03T21:34:28Z,96
3148798343,3271,Laudarisd,2025-08-04T00:11:20Z,2025-08-04T00:11:20Z,62
3170661498,3271,Mohamedsayhii,2025-08-09T12:07:31Z,2025-08-09T12:08:56Z,224
3225580772,3271,YMRTZ,2025-08-26T20:09:03Z,2025-08-26T20:09:03Z,419
3234816143,3271,Mohamedsayhii,2025-08-28T20:16:25Z,2025-08-28T20:16:25Z,465
3234835028,3271,YMRTZ,2025-08-28T20:24:22Z,2025-08-28T20:24:22Z,589
3234854856,3271,Mohamedsayhii,2025-08-28T20:32:34Z,2025-08-28T20:32:34Z,688
3294664046,3271,udpcom-dotcom,2025-09-16T02:58:35Z,2025-09-16T02:58:35Z,11705
3394132140,3271,AnirudhPhophalia,2025-10-12T10:22:45Z,2025-10-12T10:22:45Z,2736
3395257240,3271,Mohamedsayhii,2025-10-12T19:23:25Z,2025-10-12T19:23:25Z,2681
3399670292,3271,AnirudhPhophalia,2025-10-14T01:51:25Z,2025-10-14T01:51:25Z,151
3341704380,12400,Baboom-l,2025-09-27T13:16:42Z,2025-09-27T13:16:42Z,29
3388088755,12400,SzhangS,2025-10-10T02:44:55Z,2025-10-10T02:44:55Z,140
1138700472,8045,jbwang1997,2022-05-26T15:27:54Z,2022-05-26T15:27:54Z,175
1543159252,8045,abdksyed,2023-05-11T01:48:56Z,2023-05-11T01:48:56Z,198
1718019277,8045,qraleq,2023-09-13T17:16:59Z,2023-09-13T17:16:59Z,69
1721658712,8045,abdksyed,2023-09-15T18:07:23Z,2023-09-15T18:07:23Z,2610
3374259743,8045,the-didi,2025-10-06T21:29:32Z,2025-10-06T21:29:32Z,2705
1637029807,10649,MahejabeenNidhi,2023-07-16T09:02:38Z,2023-07-16T09:02:38Z,2338
1637337885,10649,edehino,2023-07-17T03:52:46Z,2023-07-17T03:52:46Z,271
1639119044,10649,evdcush,2023-07-18T01:04:33Z,2023-07-18T01:04:33Z,242
1639121148,10649,evdcush,2023-07-18T01:07:23Z,2023-07-18T01:07:23Z,145
1646582329,10649,evdcush,2023-07-22T13:16:47Z,2023-07-22T13:16:47Z,30
1784000263,10649,evdcush,2023-10-29T05:09:13Z,2023-10-29T05:09:13Z,605
2032842479,10649,ioangatop,2024-04-02T19:02:28Z,2024-04-02T19:02:28Z,89
3349427400,10649,tam-trance,2025-09-29T23:52:34Z,2025-09-29T23:52:34Z,176
3352531920,10649,evdcush,2025-09-30T14:39:15Z,2025-09-30T14:39:15Z,768
2507792890,12051,Mlesaa,2024-11-29T13:10:33Z,2024-11-29T13:10:33Z,145
2509525774,12051,wwzy666,2024-12-01T02:12:45Z,2024-12-01T02:12:45Z,36
2548373099,12051,mkimhi,2024-12-17T12:48:04Z,2024-12-17T12:48:04Z,10
2568803580,12051,Elstuhn,2025-01-03T07:41:50Z,2025-01-03T07:41:50Z,287
2875346353,12051,Jeremy891102,2025-05-13T07:23:17Z,2025-05-13T07:23:17Z,94
3194190777,12051,zhangs-a-n,2025-08-17T07:17:11Z,2025-08-17T07:17:11Z,201
3349424283,12051,tam-trance,2025-09-29T23:51:02Z,2025-09-29T23:51:02Z,436
2078733210,11593,HelloCodeeer,2024-04-26T06:45:13Z,2024-04-26T06:45:13Z,5
2114115223,11593,TinyQi,2024-05-16T06:17:04Z,2024-05-16T06:17:04Z,2
2227597621,11593,hongge831,2024-07-15T02:10:05Z,2024-07-15T02:10:05Z,4
2291066696,11593,lyf6,2024-08-15T10:53:17Z,2024-08-15T10:53:17Z,2
2308728934,11593,Suo-Wei,2024-08-25T08:21:50Z,2024-08-25T08:21:50Z,5
2308729408,11593,YukunLi99,2024-08-25T08:23:02Z,2024-08-25T08:23:02Z,2
2342901212,11593,sipie800,2024-09-11T07:45:02Z,2024-09-11T07:45:02Z,2
2461442978,11593,Versocial,2024-11-07T06:42:00Z,2024-11-07T06:42:00Z,2
2611937999,11593,GallonDeng,2025-01-24T08:27:30Z,2025-01-24T08:27:30Z,2
3344508262,11593,caoxulei921,2025-09-29T01:07:30Z,2025-09-29T01:07:30Z,2
1644887265,10665,hhaAndroid,2023-07-21T02:05:59Z,2023-07-21T02:05:59Z,81
1646886031,10665,MZHI,2023-07-23T16:40:43Z,2023-07-23T16:41:45Z,4204
1646887879,10665,MZHI,2023-07-23T16:47:45Z,2023-07-23T16:47:45Z,4314
1660144253,10665,54wb,2023-08-01T11:42:34Z,2023-08-01T11:42:34Z,4652
1667098629,10665,christiano12345,2023-08-07T02:34:11Z,2023-08-07T02:34:11Z,94
1685359293,10665,MZHI,2023-08-20T18:23:27Z,2023-08-20T18:23:27Z,5997
1757209752,10665,yutakawabe-sss,2023-10-11T09:06:58Z,2023-10-11T09:07:28Z,660
1781178299,10665,stbnps,2023-10-26T13:54:49Z,2023-10-26T13:54:49Z,713
1864820928,10665,edwardwterry,2023-12-20T16:56:41Z,2023-12-20T16:56:41Z,86
1933576748,10665,PoTsui99,2024-02-08T08:26:17Z,2024-02-08T08:26:17Z,733
2465541754,10665,miquel-espinosa,2024-11-08T18:55:55Z,2024-11-08T18:55:55Z,733
2465635933,10665,PoTsui99,2024-11-08T19:48:48Z,2024-11-08T19:48:59Z,856
3331289956,10665,cyteena,2025-09-25T00:47:19Z,2025-09-25T00:47:19Z,894
2912395681,12367,meixiangzhang,2025-05-27T12:48:42Z,2025-05-27T12:48:42Z,231
3297515195,12367,tojimahammatov,2025-09-16T10:25:47Z,2025-09-16T10:25:47Z,93
3297371533,12366,tojimahammatov,2025-09-16T10:07:23Z,2025-09-16T10:07:23Z,246
3296444459,12373,tojimahammatov,2025-09-16T08:05:22Z,2025-09-16T08:06:19Z,104
3288733317,12376,tojimahammatov,2025-09-13T18:54:25Z,2025-09-13T18:54:25Z,818
3288599114,12389,tojimahammatov,2025-09-13T16:27:14Z,2025-09-13T16:28:11Z,1259
3139285479,12386,connorye,2025-07-31T09:54:51Z,2025-07-31T09:54:51Z,191
3272851022,12386,codingbus821,2025-09-10T01:11:16Z,2025-09-10T01:11:16Z,1040
1055486478,7298,igo312,2022-03-01T14:11:48Z,2022-03-01T14:11:48Z,241
1060254908,7298,hhaAndroid,2022-03-07T07:05:02Z,2022-03-07T07:05:02Z,32
1063804728,7298,taofuyu,2022-03-10T08:41:55Z,2022-03-10T08:41:55Z,240
1063806915,7298,igo312,2022-03-10T08:44:45Z,2022-03-10T08:47:40Z,327
1079633478,7298,Tim-Hung,2022-03-26T07:46:39Z,2022-03-26T08:43:43Z,25689
1089779001,7298,igo312,2022-04-06T04:03:31Z,2022-04-06T04:05:31Z,303
1089814678,7298,Tim-Hung,2022-04-06T04:46:11Z,2022-04-06T04:46:11Z,355
1089850828,7298,Tim-Hung,2022-04-06T05:54:26Z,2022-04-06T05:54:26Z,267
1089864618,7298,igo312,2022-04-06T06:18:36Z,2022-04-06T06:18:36Z,419
1089895528,7298,Tim-Hung,2022-04-06T07:01:30Z,2022-04-06T07:01:30Z,566
1090231583,7298,Tim-Hung,2022-04-06T12:50:24Z,2022-04-06T12:50:24Z,27208
1090269119,7298,igo312,2022-04-06T13:25:05Z,2022-04-06T13:25:05Z,85
1092409224,7298,hhaAndroid,2022-04-08T03:35:36Z,2022-04-08T03:35:36Z,77
1092825921,7298,igo312,2022-04-08T12:50:18Z,2022-04-08T12:50:18Z,232
1109349843,7298,hhaAndroid,2022-04-26T05:08:35Z,2022-04-26T05:08:35Z,368
1144608395,7298,chentiao,2022-06-02T08:44:32Z,2022-06-10T01:58:02Z,300
1169808360,7298,tanghy2016,2022-06-29T10:24:27Z,2022-06-29T10:24:27Z,260
1290187321,7298,hhaAndroid,2022-10-25T08:32:48Z,2022-10-25T08:32:48Z,73
1718944745,10924,yangzhenyu6,2023-09-14T07:53:29Z,2023-09-14T07:53:29Z,109
1727234562,10924,BIGWangYuDong,2023-09-20T08:33:01Z,2023-09-20T08:33:01Z,106
1813934616,10924,ztahirzju,2023-11-16T07:41:27Z,2023-11-16T07:41:27Z,151
1974494637,10924,Joey-He,2024-03-02T06:54:50Z,2024-03-02T06:54:50Z,166
2060675318,10924,ayitime,2024-04-17T08:17:26Z,2024-04-17T08:17:26Z,24
1876710042,11342,hhaAndroid,2024-01-04T08:40:23Z,2024-01-04T08:40:23Z,77
1876719340,11342,xiyangyang99,2024-01-04T08:48:12Z,2024-01-04T08:48:12Z,269
1876773627,11342,hhaAndroid,2024-01-04T09:28:53Z,2024-01-04T09:28:53Z,49
1876983182,11342,wxz1996,2024-01-04T12:01:49Z,2024-01-04T12:01:49Z,325
1877051720,11342,xiyangyang99,2024-01-04T12:54:17Z,2024-01-04T12:54:17Z,732
1877118884,11342,wxz1996,2024-01-04T13:45:13Z,2024-01-04T13:45:13Z,748
1877907754,11342,xiyangyang99,2024-01-04T23:36:35Z,2024-01-04T23:36:35Z,1089
1878087437,11342,wxz1996,2024-01-05T03:54:19Z,2024-01-05T03:54:19Z,1319
1878103438,11342,xiyangyang99,2024-01-05T04:21:54Z,2024-01-05T04:21:54Z,1691
1878152840,11342,wxz1996,2024-01-05T05:35:14Z,2024-01-05T05:35:14Z,1870
1879688616,11342,xiyangyang99,2024-01-06T13:32:26Z,2024-01-06T13:32:26Z,1919
1879688899,11342,xiyangyang99,2024-01-06T13:33:46Z,2024-01-06T13:33:46Z,1913
1879689751,11342,xiyangyang99,2024-01-06T13:36:47Z,2024-01-06T13:36:47Z,1991
1879690094,11342,wxz1996,2024-01-06T13:38:01Z,2024-01-06T13:38:01Z,2766
1879692075,11342,xiyangyang99,2024-01-06T13:45:17Z,2024-01-06T13:45:17Z,2839
1879698587,11342,wxz1996,2024-01-06T14:10:48Z,2024-01-06T14:11:18Z,153
1879897233,11342,xiyangyang99,2024-01-07T00:46:20Z,2024-01-07T00:46:20Z,465
1880272297,11342,xiyangyang99,2024-01-08T01:26:31Z,2024-01-08T01:26:31Z,262
1880315101,11342,xiyangyang99,2024-01-08T02:44:35Z,2024-01-08T02:44:35Z,331
1880451937,11342,wxz1996,2024-01-08T06:36:20Z,2024-01-08T06:36:20Z,315
1880459776,11342,xiyangyang99,2024-01-08T06:46:26Z,2024-01-08T06:46:26Z,932
1880464673,11342,xiyangyang99,2024-01-08T06:52:33Z,2024-01-08T06:52:33Z,1032
1882291680,11342,Baboom-l,2024-01-09T03:07:02Z,2024-01-09T03:07:02Z,57
1882521533,11342,xiyangyang99,2024-01-09T07:11:56Z,2024-01-09T07:11:56Z,56359
1882642084,11342,Baboom-l,2024-01-09T08:52:44Z,2024-01-09T08:52:44Z,2578
1882643485,11342,Baboom-l,2024-01-09T08:53:41Z,2024-01-09T08:53:41Z,24
1882646603,11342,Baboom-l,2024-01-09T08:55:41Z,2024-01-09T08:55:41Z,40
1882651941,11342,Baboom-l,2024-01-09T08:59:15Z,2024-01-09T08:59:15Z,24
1882657085,11342,Baboom-l,2024-01-09T09:02:37Z,2024-01-09T09:02:37Z,93
1882667127,11342,wxz1996,2024-01-09T09:08:44Z,2024-01-09T09:08:44Z,116
1882668371,11342,xiyangyang99,2024-01-09T09:09:31Z,2024-01-09T09:09:31Z,195
1883015756,11342,wxz1996,2024-01-09T12:52:00Z,2024-01-09T12:52:00Z,48
1884061697,11342,xiyangyang99,2024-01-10T01:47:16Z,2024-01-10T01:47:16Z,583
1884073929,11342,Baboom-l,2024-01-10T02:03:44Z,2024-01-10T02:03:44Z,49
1884091235,11342,xiyangyang99,2024-01-10T02:28:47Z,2024-01-10T02:28:47Z,457
1884091726,11342,wxz1996,2024-01-10T02:29:26Z,2024-01-10T02:29:26Z,448
1886491201,11342,shuchang0714,2024-01-11T07:36:17Z,2024-01-11T07:36:17Z,1813
1886502588,11342,xiyangyang99,2024-01-11T07:40:01Z,2024-01-11T07:40:01Z,2443
1886518285,11342,shuchang0714,2024-01-11T07:45:00Z,2024-01-11T07:45:00Z,2179
1886559165,11342,xiyangyang99,2024-01-11T07:56:54Z,2024-01-11T07:56:54Z,2865
1886573009,11342,xiyangyang99,2024-01-11T08:02:25Z,2024-01-11T08:02:25Z,6689
1886612821,11342,shuchang0714,2024-01-11T08:31:22Z,2024-01-11T08:32:52Z,6468
1886701942,11342,xiyangyang99,2024-01-11T09:24:49Z,2024-01-11T09:24:49Z,5431
1886709617,11342,xiyangyang99,2024-01-11T09:29:38Z,2024-01-11T09:29:38Z,7156
1886715134,11342,shuchang0714,2024-01-11T09:33:05Z,2024-01-11T09:33:05Z,6943
1886752334,11342,xiyangyang99,2024-01-11T09:55:43Z,2024-01-11T09:55:43Z,8074
1888375549,11342,xiyangyang99,2024-01-12T03:28:52Z,2024-01-12T03:28:52Z,5754
1960636894,11342,formance,2024-02-23T02:04:20Z,2024-02-23T02:04:20Z,7936
1960660972,11342,xiyangyang99,2024-02-23T02:47:01Z,2024-02-23T02:47:01Z,8624
1960774859,11342,formance,2024-02-23T06:00:47Z,2024-02-23T06:00:47Z,8465
1990925031,11342,xiyangyang99,2024-03-12T07:14:22Z,2024-03-12T07:14:22Z,7124
2003114042,11342,blacksino,2024-03-18T07:41:42Z,2024-03-18T07:41:42Z,102
2005563089,11342,formance,2024-03-19T01:24:06Z,2024-03-19T01:24:06Z,222
2005594318,11342,blacksino,2024-03-19T01:49:10Z,2024-03-19T01:49:10Z,285
2005688294,11342,formance,2024-03-19T03:30:50Z,2024-03-19T03:30:50Z,453
2005697754,11342,xiyangyang99,2024-03-19T03:44:29Z,2024-03-19T03:44:29Z,1265
2008923951,11342,blacksino,2024-03-20T07:11:38Z,2024-03-20T07:11:38Z,1177
2009004259,11342,formance,2024-03-20T08:16:33Z,2024-03-20T08:16:33Z,1172
2160326376,11342,Di-Gu,2024-06-11T09:58:27Z,2024-06-11T09:58:27Z,68
2167641048,11342,firework-github,2024-06-14T09:34:26Z,2024-06-14T09:34:26Z,169
2206055514,11342,levylll,2024-07-03T13:16:22Z,2024-07-03T13:16:22Z,191
2577551042,11342,lufanma,2025-01-08T12:26:29Z,2025-01-08T12:27:06Z,393
2710453765,11342,sh2120170809,2025-03-10T12:40:48Z,2025-03-10T12:40:48Z,28
2735127481,11342,wxyeve,2025-03-19T01:57:11Z,2025-03-19T01:57:11Z,1841
3139387385,11342,AbyssFENG,2025-07-31T10:27:18Z,2025-07-31T10:27:18Z,334
3139395924,11342,AbyssFENG,2025-07-31T10:30:20Z,2025-07-31T10:30:20Z,85
3252368117,11342,ctgushiwei,2025-09-04T07:50:12Z,2025-09-04T07:50:12Z,47
3252399993,11342,AbyssFENG,2025-09-04T08:00:23Z,2025-09-04T08:00:23Z,165
3252463715,11342,ctgushiwei,2025-09-04T08:19:47Z,2025-09-04T08:19:47Z,82
3252476359,11342,AbyssFENG,2025-09-04T08:24:01Z,2025-09-04T08:24:01Z,180
3252514681,11342,ctgushiwei,2025-09-04T08:36:19Z,2025-09-04T08:36:19Z,72
3252532674,11342,AbyssFENG,2025-09-04T08:42:09Z,2025-09-04T08:42:09Z,137
1871674641,11313,hhaAndroid,2023-12-29T02:02:44Z,2023-12-29T02:02:44Z,54
1873560470,11313,hhaAndroid,2024-01-02T01:47:56Z,2024-01-02T01:47:56Z,54
1873560897,11313,hhaAndroid,2024-01-02T01:48:43Z,2024-01-02T01:48:43Z,54
1886374142,11313,hhaAndroid,2024-01-11T06:26:32Z,2024-01-11T06:26:32Z,54
2336516834,11313,wu33learn,2024-09-08T02:16:01Z,2024-09-08T02:16:01Z,155
2439903928,11313,xuans29,2024-10-27T08:19:27Z,2024-10-27T08:19:27Z,187
2439913378,11313,wu33learn,2024-10-27T08:54:29Z,2024-10-27T08:54:29Z,707
2689558320,11313,librety123z,2025-02-28T02:26:10Z,2025-02-28T02:26:10Z,3750
3172397824,11313,tswc,2025-08-10T06:06:20Z,2025-08-10T06:07:02Z,406
3247545600,11313,flysssss,2025-09-03T03:18:43Z,2025-09-03T03:18:43Z,2726
3247554616,11313,flysssss,2025-09-03T03:25:15Z,2025-09-03T03:25:15Z,64
2908626055,12365,kNDSFLJ,2025-05-26T05:59:45Z,2025-05-26T05:59:45Z,1035
2919309280,12365,sri-dhurkesh,2025-05-29T12:55:31Z,2025-05-29T12:55:46Z,133
2931201440,12365,cmhm7,2025-06-02T15:12:15Z,2025-06-02T15:12:15Z,151
3241006556,12365,huynhthanh98,2025-09-01T06:23:22Z,2025-09-01T06:23:22Z,292
3231580315,12397,flysssss,2025-08-28T02:57:37Z,2025-08-28T02:57:37Z,104
3228498670,11823,kasteric,2025-08-27T14:43:38Z,2025-08-27T14:43:38Z,2
2656643077,12308,AreopagX,2025-02-13T13:43:46Z,2025-02-13T13:43:46Z,119
2762862416,12308,harish1120,2025-03-28T23:40:33Z,2025-03-28T23:41:15Z,80
3219632513,12308,danielenapo,2025-08-25T10:05:06Z,2025-08-25T10:05:06Z,259
1774790662,11063,Regina971,2023-10-23T09:30:57Z,2023-10-23T09:30:57Z,75
1793672317,11063,pigfishgogogo,2023-11-05T09:29:00Z,2023-11-05T09:29:00Z,83
1794328980,11063,flywithliye,2023-11-06T08:45:44Z,2023-11-06T08:45:44Z,1449
1794748898,11063,pigfishgogogo,2023-11-06T12:51:31Z,2023-11-06T12:51:31Z,310
1807880865,11063,leileilei2000,2023-11-13T10:25:07Z,2023-11-13T10:25:07Z,137
1876685155,11063,SwjtuerFz,2024-01-04T08:17:02Z,2024-01-04T08:17:02Z,1555
1950974437,11063,mookiechoi,2024-02-18T06:08:38Z,2024-02-18T06:08:38Z,39
2458937646,11063,pecanjk,2024-11-06T08:00:15Z,2024-11-06T08:00:15Z,32
2892611609,11063,lijy83,2025-05-20T01:03:07Z,2025-05-20T01:03:07Z,10
3218708848,11063,zhangyue-mars,2025-08-25T03:27:05Z,2025-08-25T03:27:05Z,1071
3213576488,12387,binbla,2025-08-22T08:42:29Z,2025-08-22T08:42:29Z,23
3199246834,12395,impAcreat,2025-08-19T05:23:59Z,2025-08-19T05:23:59Z,10
3200141631,12395,LinChengHao3606307,2025-08-19T10:18:45Z,2025-08-19T10:18:45Z,12
3200272288,12395,sourcepro5,2025-08-19T11:00:31Z,2025-08-19T11:00:31Z,40
3205674402,12395,wokaikaixinxin,2025-08-20T11:07:40Z,2025-08-20T11:07:40Z,5
1736765159,10979,hhaAndroid,2023-09-27T06:13:37Z,2023-09-27T06:13:37Z,42
1751957486,10979,FengheTan9,2023-10-08T08:13:22Z,2023-10-08T08:13:22Z,41
1808259198,10979,stihuangyuan,2023-11-13T14:23:17Z,2023-11-13T14:23:17Z,76
1968293563,10979,SoulProficiency,2024-02-28T06:03:01Z,2024-02-28T06:03:01Z,93
1968296875,10979,SoulProficiency,2024-02-28T06:06:09Z,2024-02-28T06:06:09Z,98
3200167076,10979,tangqh03,2025-08-19T10:26:07Z,2025-08-19T10:26:07Z,45
1983615968,11525,langli1999,2024-03-07T14:25:22Z,2024-03-07T14:25:22Z,188
1987777896,11525,Morningstaripfy,2024-03-11T07:28:01Z,2024-03-11T07:28:01Z,92
2121943446,11525,JinqingZhengTju,2024-05-21T07:29:16Z,2024-05-21T07:29:16Z,942
2121967567,11525,Morningstaripfy,2024-05-21T07:42:27Z,2024-05-21T07:42:27Z,1191
2121977156,11525,JinqingZhengTju,2024-05-21T07:47:37Z,2024-05-21T07:47:37Z,1218
2121994023,11525,langli1999,2024-05-21T07:56:40Z,2024-05-21T07:56:40Z,1366
2122089260,11525,JinqingZhengTju,2024-05-21T08:41:57Z,2024-05-21T08:41:57Z,2203
2409897063,11525,zxt6174,2024-10-14T03:59:53Z,2024-10-14T03:59:53Z,80
2409905830,11525,langli1999,2024-10-14T04:10:07Z,2024-10-14T04:10:07Z,488
2409981061,11525,zxt6174,2024-10-14T05:33:00Z,2024-10-14T05:33:00Z,29
2441089108,11525,MrBroWinter,2024-10-28T09:48:26Z,2024-10-28T09:48:26Z,31
3195656201,11525,ffxxy,2025-08-18T08:28:11Z,2025-08-18T08:28:11Z,53
3195657418,11525,ffxxy,2025-08-18T08:28:36Z,2025-08-18T08:28:36Z,2219
2210446436,11832,WangJian981002,2024-07-05T08:35:59Z,2024-07-05T08:35:59Z,125
2259960895,11832,kimsolo,2024-07-31T08:32:39Z,2024-07-31T08:32:39Z,17
2705608119,11832,DemoGit4LIANG,2025-03-07T06:05:54Z,2025-03-07T06:05:54Z,4
2827681439,11832,Jctrp,2025-04-24T13:42:33Z,2025-04-24T13:42:33Z,69
3195165641,11832,Hfhstrive,2025-08-18T05:39:31Z,2025-08-18T05:39:31Z,15
3195132176,10154,Hfhstrive,2025-08-18T05:20:00Z,2025-08-18T05:20:00Z,53
708440444,3925,ZwwWayne,2020-10-14T14:27:51Z,2020-10-14T14:27:51Z,168
708950429,3925,rouyalxy,2020-10-15T07:13:03Z,2020-10-15T07:13:03Z,224
709937623,3925,ZwwWayne,2020-10-16T09:31:39Z,2020-10-16T09:31:39Z,126
1589613672,3925,aliencaocao,2023-06-13T16:07:43Z,2023-06-13T16:08:10Z,261
3190640050,3925,LangR7,2025-08-15T05:18:30Z,2025-08-15T05:18:30Z,10
2144704356,11757,Warcry25,2024-06-03T09:19:43Z,2024-06-03T09:19:43Z,361
2148734880,11757,liuxia0725,2024-06-05T02:18:23Z,2024-06-05T02:18:23Z,472
2875370792,11757,Jeremy891102,2025-05-13T07:31:45Z,2025-05-13T07:31:45Z,279
3180629817,11757,stalris,2025-08-12T19:05:02Z,2025-08-12T19:05:38Z,729
2388376831,11607,YCAyca,2024-10-02T11:06:37Z,2024-10-02T11:06:37Z,51
3180079027,11607,HuangYu227,2025-08-12T16:11:20Z,2025-08-12T16:11:20Z,28
3173897900,11867,danielenapo,2025-08-11T09:17:27Z,2025-08-11T09:17:27Z,71
1277300217,9014,RangiLyu,2022-10-13T09:20:55Z,2022-10-13T09:20:55Z,100
1277334566,9014,zhenbangW,2022-10-13T09:41:42Z,2022-10-13T09:41:42Z,438
1278394857,9014,RangiLyu,2022-10-14T02:38:28Z,2022-10-14T02:38:28Z,68
1278757790,9014,zhenbangW,2022-10-14T09:43:00Z,2022-10-14T09:43:00Z,171
3166838332,9014,Armandase,2025-08-08T07:23:14Z,2025-08-08T07:25:12Z,172
1891528752,11373,hhaAndroid,2024-01-15T08:10:40Z,2024-01-15T08:10:40Z,134
1892921341,11373,WhatRui,2024-01-16T00:54:45Z,2024-01-16T00:54:45Z,4
3161726025,11373,Farenweh,2025-08-06T21:47:13Z,2025-08-06T21:47:13Z,443
3152956606,12279,Jangseo5160,2025-08-05T01:24:29Z,2025-08-05T01:24:29Z,39
3153036651,12279,LaiXuanyu,2025-08-05T02:14:06Z,2025-08-05T02:14:06Z,223
1563836357,10395,lisenjie757,2023-05-26T05:39:13Z,2023-05-26T05:39:34Z,39
1563880796,10395,okt7760,2023-05-26T06:39:45Z,2023-05-26T06:39:45Z,99
1563990879,10395,lisenjie757,2023-05-26T08:13:34Z,2023-05-26T08:22:26Z,242
1564008203,10395,lisenjie757,2023-05-26T08:28:14Z,2023-05-26T08:28:14Z,284
1564011499,10395,okt7760,2023-05-26T08:30:56Z,2023-05-26T08:31:41Z,623
1565162625,10395,lisenjie757,2023-05-27T02:15:44Z,2023-05-27T02:15:44Z,126
1565202698,10395,okt7760,2023-05-27T04:32:22Z,2023-05-27T04:32:22Z,121
3143468979,10395,hy0523,2025-08-01T07:32:56Z,2025-08-01T07:32:56Z,115
1373204850,9580,BIGWangYuDong,2023-01-06T06:42:03Z,2023-01-06T06:42:03Z,96
1383571971,9580,Gebixiaochen,2023-01-16T06:59:29Z,2023-01-16T06:59:29Z,212
1403157992,9580,myteen2,2023-01-25T06:31:42Z,2023-01-25T06:31:42Z,307
1413181722,9580,BIGWangYuDong,2023-02-02T05:36:32Z,2023-02-02T05:37:57Z,237
1455960338,9580,github-actions[bot],2023-03-06T11:27:17Z,2023-03-06T11:27:17Z,227
1464890683,9580,github-actions[bot],2023-03-11T11:27:19Z,2023-03-11T11:27:19Z,142
2340114608,9580,sujaybabruwad,2024-09-10T09:15:11Z,2024-09-10T09:15:30Z,78
2468496343,9580,weixi234,2024-11-11T15:52:26Z,2024-11-11T15:52:26Z,77
2703258709,9580,jysh1214,2025-03-06T09:17:20Z,2025-03-06T09:17:20Z,313
3139241771,9580,ccblublu,2025-07-31T09:40:58Z,2025-07-31T09:40:58Z,108
2240811503,11825,PeterVennerstrom,2024-07-20T01:03:23Z,2024-07-20T01:03:23Z,210
731477635,4154,zachbellay,2020-11-21T00:48:27Z,2020-11-21T00:48:27Z,199
732636402,4154,xvjiarui,2020-11-24T03:50:21Z,2020-11-24T03:50:21Z,72
734266502,4154,marek-mottmac,2020-11-26T12:19:06Z,2020-11-26T12:19:06Z,99
1301211673,4154,kaixin-bai,2022-11-02T20:44:10Z,2022-11-02T20:44:10Z,207
1309390202,4154,jerpint,2022-11-09T21:22:38Z,2022-11-09T21:22:38Z,111
2497486575,4154,Victtttttt,2024-11-25T10:00:41Z,2024-11-25T10:00:41Z,228
3130858543,4154,ruinianxu,2025-07-29T06:22:01Z,2025-07-29T06:22:01Z,105
2456551205,12016,georgeblu1,2024-11-05T08:38:14Z,2024-11-05T08:38:14Z,90
2559239265,12016,sjy-1995,2024-12-23T08:56:41Z,2024-12-23T08:56:41Z,350
3121876809,12016,connorye,2025-07-26T13:41:44Z,2025-07-26T13:41:44Z,209
3121595149,11806,LQRR678,2025-07-26T10:23:28Z,2025-07-26T10:23:28Z,2214
3121595500,11806,LQRR678,2025-07-26T10:24:08Z,2025-07-26T10:24:08Z,42
3117124237,12385,Zeinebhajr,2025-07-25T09:50:10Z,2025-07-25T09:50:10Z,179
3117164912,12385,kameshkotwani,2025-07-25T10:04:27Z,2025-07-25T10:04:27Z,126
3117518508,12385,Zeinebhajr,2025-07-25T11:58:00Z,2025-07-25T11:58:00Z,45
3118313658,12385,kameshkotwani,2025-07-25T14:53:23Z,2025-07-25T14:53:23Z,33
2180124792,11803,talebolano,2024-06-20T08:34:09Z,2024-06-20T08:34:09Z,13
2180665177,11803,talebolano,2024-06-20T13:18:07Z,2024-06-20T13:18:07Z,67
2181769121,11803,HandsLing,2024-06-21T00:24:41Z,2024-06-21T00:24:41Z,49
2364726656,11803,huachao0124,2024-09-20T22:52:40Z,2024-09-20T22:52:40Z,16
3116484122,11803,qianbo-x,2025-07-25T05:47:36Z,2025-07-25T05:47:52Z,141
2400880924,11983,NicolasGonzalezF,2024-10-08T21:47:58Z,2024-10-08T21:47:58Z,245
2429589387,11983,henryrobbins,2024-10-22T15:24:39Z,2024-10-22T15:24:39Z,683
3116400049,11983,YMRTZ,2025-07-25T05:02:18Z,2025-07-25T05:02:18Z,322
3111805088,12274,moro0v0,2025-07-24T03:11:23Z,2025-07-24T03:11:23Z,94
3111806371,12274,moro0v0,2025-07-24T03:12:31Z,2025-07-24T03:12:31Z,1597
3035485397,12372,alexbird33,2025-07-04T10:36:56Z,2025-07-04T10:36:56Z,575
3068254617,12372,fengqingyubai,2025-07-14T08:03:36Z,2025-07-14T08:03:36Z,844
3106481000,12372,ghost,2025-07-23T08:26:11Z,2025-07-23T08:26:11Z,5
2727334703,11799,CumtStudentZhanghua,2025-03-16T11:05:29Z,2025-03-16T11:05:29Z,693
3100590367,11799,heha102,2025-07-22T02:53:03Z,2025-07-22T02:53:03Z,381
3076414508,12346,jihu-amkor,2025-07-16T01:17:42Z,2025-07-16T01:18:30Z,668
3095841853,12346,jmaxrdgz,2025-07-21T09:13:06Z,2025-07-21T09:13:06Z,411
3095578001,12384,kieran0625,2025-07-21T07:37:15Z,2025-07-21T07:37:15Z,78
3069761018,12284,Dark-Patrick,2025-07-14T14:10:18Z,2025-07-14T14:10:18Z,31
744125166,4291,ZwwWayne,2020-12-14T02:20:58Z,2020-12-14T02:20:58Z,144
751436585,4291,ShelbyXu9,2020-12-27T07:40:26Z,2020-12-27T07:40:26Z,25
865253772,4291,ranch-hands,2021-06-21T18:30:50Z,2021-06-21T18:30:50Z,97
878538298,4291,diptanshu-singh,2021-07-12T19:31:33Z,2021-07-12T19:31:33Z,56
897808897,4291,CharlesNJ,2021-08-12T17:03:29Z,2021-08-12T17:03:29Z,204
946909608,4291,mmkamani7,2021-10-19T16:46:53Z,2023-01-15T18:32:53Z,526
975036330,4291,Wunaiq,2021-11-22T03:23:04Z,2021-11-22T03:23:04Z,554
1286494760,4291,IamSVP94,2022-10-21T05:56:13Z,2022-10-21T05:56:13Z,58
1377338886,4291,noreenanwar,2023-01-10T14:08:47Z,2023-01-10T14:08:47Z,113
1532410867,4291,hihiok,2023-05-03T03:19:43Z,2023-05-03T03:19:43Z,120
2124952097,4291,Nadia-Chen,2024-05-22T14:30:36Z,2024-05-22T14:30:36Z,364
2449259817,4291,mohamedsaeed8223,2024-10-31T07:58:49Z,2024-10-31T07:58:49Z,296
2925201730,4291,Ftoy99,2025-05-31T13:37:41Z,2025-05-31T13:39:52Z,305
3067963566,4291,danielgf0824,2025-07-14T06:12:20Z,2025-07-14T06:12:20Z,221
1584013814,10476,ili0820,2023-06-09T05:53:23Z,2023-06-09T05:53:23Z,3290
1584029773,10476,AndreaPi,2023-06-09T06:12:14Z,2023-06-09T06:12:14Z,181
1598419979,10476,AndreaPi,2023-06-20T09:19:44Z,2023-06-20T09:19:44Z,5823
1694722666,10476,rose-jinyang,2023-08-27T17:38:33Z,2023-08-27T17:38:33Z,173
1876446722,10476,nassim12,2024-01-04T06:18:18Z,2024-01-04T06:18:18Z,579
3065930674,10476,LeilaKFZ,2025-07-12T18:16:13Z,2025-07-12T18:16:13Z,100
2309874707,11912,Darren759,2024-08-26T10:25:13Z,2024-08-26T10:25:13Z,35
2363284849,11912,lengmo1996,2024-09-20T09:31:49Z,2024-09-20T09:31:49Z,19
3063142441,11912,tojimahammatov,2025-07-11T17:24:13Z,2025-07-11T17:27:39Z,886
3061419735,11780,onlylrs,2025-07-11T09:13:43Z,2025-07-11T09:13:43Z,198
2041452590,11534,xika1234,2024-04-07T12:21:52Z,2024-04-07T12:21:52Z,41
2059396066,11534,chenxi52,2024-04-16T15:41:31Z,2024-04-16T15:41:31Z,14
2119539035,11534,ShenZheng2000,2024-05-20T02:04:47Z,2024-05-20T02:04:47Z,14
2143685433,11534,SurfonL,2024-06-02T03:48:23Z,2024-06-02T03:48:23Z,607
2232571313,11534,ajeetkverma,2024-07-17T06:59:15Z,2024-07-17T06:59:15Z,513
2648631625,11534,sunye23,2025-02-10T16:43:01Z,2025-02-10T16:43:01Z,568
3047946449,11534,niqbal996,2025-07-08T08:46:23Z,2025-07-08T08:49:37Z,1052
1322161777,9359,Czm369,2022-11-21T14:41:02Z,2022-11-21T14:41:02Z,73
1322877002,9359,EnzoLiang,2022-11-22T01:25:04Z,2022-11-22T01:25:04Z,797
1323228886,9359,EnzoLiang,2022-11-22T07:31:57Z,2022-11-22T07:31:57Z,57
1445811090,9359,wenyuqing,2023-02-27T07:06:56Z,2023-02-27T07:06:56Z,221
1586075425,9359,zxywudi,2023-06-11T08:35:19Z,2023-06-11T08:35:19Z,110
1637585259,9359,cosimo17,2023-07-17T08:21:47Z,2023-07-17T08:21:47Z,104
1779568154,9359,SajjadPSavoji,2023-10-25T15:45:04Z,2023-10-25T15:45:04Z,495
1846607603,9359,YuanboZhang666,2023-12-08T06:22:11Z,2023-12-08T06:22:11Z,563
1869355549,9359,HanJin0326,2023-12-26T08:16:32Z,2023-12-26T08:16:32Z,245
1869357502,9359,YuanboZhang666,2023-12-26T08:19:41Z,2023-12-26T08:19:41Z,844
3038540291,9359,Abhishek0075,2025-07-05T08:49:33Z,2025-07-05T08:49:33Z,902
3036043002,11637,JiankunShi,2025-07-04T12:29:06Z,2025-07-04T12:29:06Z,59
1892015251,11374,hhaAndroid,2024-01-15T11:47:22Z,2024-01-15T11:47:22Z,82
1893421765,11374,zhangnanyue,2024-01-16T10:02:45Z,2024-01-16T10:02:45Z,557
1893577700,11374,hhaAndroid,2024-01-16T11:42:28Z,2024-01-16T11:42:28Z,161
1893930000,11374,zhangnanyue,2024-01-16T15:04:07Z,2024-01-16T15:04:07Z,242
1980659113,11374,zhangnanyue,2024-03-06T11:25:46Z,2024-03-06T11:26:53Z,635
2028596818,11374,ccccwb,2024-03-31T08:15:06Z,2024-03-31T08:15:06Z,675
2029118196,11374,HarryBarry123,2024-04-01T04:00:48Z,2024-04-01T04:00:48Z,36
2029663283,11374,zhangnanyue,2024-04-01T12:10:52Z,2024-04-01T12:10:52Z,714
2029663771,11374,zhangnanyue,2024-04-01T12:11:16Z,2024-04-01T12:11:16Z,50
2487143874,11374,SunIsland-L,2024-11-20T01:46:45Z,2024-11-20T01:46:45Z,9
2487454843,11374,zhangnanyue,2024-11-20T05:00:01Z,2024-11-20T05:00:01Z,20
3035687122,11374,alexbird33,2025-07-04T11:16:47Z,2025-07-04T11:16:47Z,682
3034933377,12342,XULU42,2025-07-04T08:15:33Z,2025-07-04T08:16:22Z,183
3030834396,11566,XUhaozhi88,2025-07-03T05:33:22Z,2025-07-03T05:33:22Z,142
3013027852,6061,SagiAbd,2025-06-27T13:08:32Z,2025-06-27T13:08:32Z,17
1884689348,11356,mengdongwei,2024-01-10T11:41:38Z,2024-01-10T11:41:38Z,2835
1886074533,11356,mengdongwei,2024-01-11T01:57:50Z,2024-01-11T01:57:50Z,47
1916767871,11356,smoothumut,2024-01-30T12:44:31Z,2024-01-30T12:44:31Z,88
2166194969,11356,fenglingbai,2024-06-13T16:41:25Z,2024-06-13T16:41:25Z,294
2998390526,11356,to505to505,2025-06-24T00:38:15Z,2025-06-24T00:38:15Z,146
1527073879,9950,JolyonWu,2023-04-28T06:51:29Z,2023-04-28T06:51:29Z,11
1633726497,9950,wgd4510,2023-07-13T07:38:18Z,2023-07-13T07:38:18Z,14
1637009684,9950,treasureqqm,2023-07-16T07:46:30Z,2023-07-16T07:48:02Z,150
2994121920,9950,JohannesTheo,2025-06-22T10:58:56Z,2025-06-22T10:58:56Z,689
2443455929,12017,tojimahammatov,2024-10-29T07:33:06Z,2024-10-29T07:33:38Z,376
2443954387,12017,chan1031,2024-10-29T11:28:36Z,2024-10-29T11:39:58Z,238
2444917596,12017,tojimahammatov,2024-10-29T17:27:28Z,2024-10-29T17:27:28Z,214
2461537810,12017,twisti14,2024-11-07T07:48:07Z,2024-11-07T07:48:07Z,61
2530608341,12017,hysjly,2024-12-10T07:05:00Z,2024-12-10T07:05:00Z,119
2973608452,12017,LinkZY3471,2025-06-15T09:11:25Z,2025-06-15T09:11:25Z,47
2973627017,12017,hysjly,2025-06-15T09:54:45Z,2025-06-15T09:54:45Z,668
2974182840,12017,LinkZY3471,2025-06-15T16:19:22Z,2025-06-15T16:19:22Z,779
2975684671,12017,hysjly,2025-06-16T09:02:14Z,2025-06-16T09:02:14Z,1303
1474864129,9986,oloooooo,2023-03-18T14:19:20Z,2023-03-18T14:19:20Z,34
2973610785,9986,LinkZY3471,2025-06-15T09:17:02Z,2025-06-15T09:17:02Z,21
2853301587,11737,nimeishibaaa,2025-05-06T05:13:55Z,2025-05-06T05:13:55Z,16
2965820449,11737,XiaoSiJi-GCY,2025-06-12T09:22:44Z,2025-06-12T09:22:44Z,85
1432418929,9778,zys010219,2023-02-16T03:02:18Z,2023-02-16T03:02:18Z,82
1432642749,9778,southeastboss,2023-02-16T07:31:12Z,2023-02-16T07:33:26Z,299
1432652890,9778,zys010219,2023-02-16T07:43:18Z,2023-02-16T07:43:18Z,82
1432712066,9778,southeastboss,2023-02-16T08:39:37Z,2023-02-16T08:39:37Z,379
1432733220,9778,zys010219,2023-02-16T08:55:50Z,2023-02-16T08:56:19Z,147
1433017606,9778,southeastboss,2023-02-16T12:31:53Z,2023-02-16T12:31:53Z,405
1433031425,9778,zys010219,2023-02-16T12:43:22Z,2023-02-16T12:50:04Z,424
1437777351,9778,yjcreation,2023-02-21T02:33:52Z,2023-02-21T02:33:52Z,710
1438087937,9778,southeastboss,2023-02-21T08:56:22Z,2023-02-21T08:56:22Z,148
1438375847,9778,zys010219,2023-02-21T12:12:03Z,2023-02-21T12:12:03Z,189
1438408692,9778,yjcreation,2023-02-21T12:36:21Z,2023-02-21T12:36:21Z,106
1438437172,9778,zys010219,2023-02-21T12:56:54Z,2023-02-21T12:56:54Z,120
1438813125,9778,yjcreation,2023-02-21T17:00:19Z,2023-02-21T17:00:19Z,15
1439511059,9778,ZwwWayne,2023-02-22T06:39:33Z,2023-02-22T06:39:33Z,86
1470181497,9778,andrewcaunes,2023-03-15T15:10:26Z,2023-03-15T15:28:04Z,1072
1475662382,9778,zys010219,2023-03-20T05:54:33Z,2023-03-20T05:54:33Z,325
1717193054,9778,lzx101,2023-09-13T08:37:53Z,2023-09-13T08:37:53Z,200
2965780529,9778,XiaoSiJi-GCY,2025-06-12T09:12:18Z,2025-06-12T09:12:18Z,1709
