id,pr_number,author,created_at,type,body_length
3461998227,12407,CLAassistant,2025-10-29T14:49:27Z,issue_comment,699
756749567,4414,codecov[bot],2021-01-08T13:14:16Z,issue_comment,4253
757472346,4414,ZwwWayne,2021-01-10T12:59:14Z,issue_comment,67
759186377,4414,Johnson-Wang,2021-01-13T03:48:36Z,issue_comment,863
759222071,4414,hyz-xmaster,2021-01-13T05:50:29Z,issue_comment,1920
759244077,4414,Johnson-Wang,2021-01-13T06:47:41Z,issue_comment,190
1895788415,11395,flytocc,2024-01-17T13:14:06Z,issue_comment,3127
1897705736,11395,hhaAndroid,2024-01-18T03:12:59Z,issue_comment,148
1897852169,11395,flytocc,2024-01-18T05:59:07Z,issue_comment,520
1926099610,11395,flytocc,2024-02-05T02:10:23Z,issue_comment,136
1953435995,11395,ychensu,2024-02-20T03:38:31Z,issue_comment,229
1953463668,11395,flytocc,2024-02-20T04:19:03Z,issue_comment,270
1953635146,11395,ychensu,2024-02-20T07:38:56Z,issue_comment,495
1953636211,11395,ychensu,2024-02-20T07:39:47Z,issue_comment,1272
1953722768,11395,flytocc,2024-02-20T08:41:52Z,issue_comment,84
2092996984,11395,mmeendez8,2024-05-03T13:14:31Z,issue_comment,26
2619149536,11395,markowanga,2025-01-28T14:24:21Z,issue_comment,26
2636918597,11395,shankangke,2025-02-05T13:54:39Z,issue_comment,20
1065129938,7374,ZwwWayne,2022-03-11T13:48:14Z,issue_comment,270
1065879919,7374,fcakyon,2022-03-12T13:03:39Z,issue_comment,366
1065883129,7374,EasonQYS,2022-03-12T13:24:45Z,issue_comment,459
1066391127,7374,codecov[bot],2022-03-14T05:26:20Z,issue_comment,3770
1075797804,7374,ZwwWayne,2022-03-23T00:56:12Z,issue_comment,100
825252482,7374,EasonQYS,2022-03-12T05:48:42Z,review_comment,71
2243143782,11870,CLAassistant,2024-07-22T14:45:55Z,issue_comment,176
2254507101,11870,GeorgePearse,2024-07-28T12:46:17Z,issue_comment,348
3425671199,11870,lauriebax,2025-10-21T09:42:45Z,issue_comment,451
2520446916,12063,CLAassistant,2024-12-05T14:16:29Z,issue_comment,902
3425666449,12063,lauriebax,2025-10-21T09:41:15Z,issue_comment,245
3095110899,12383,CLAassistant,2025-07-21T03:25:49Z,issue_comment,176
3425653133,12383,lauriebax,2025-10-21T09:37:59Z,issue_comment,245
3425650580,12352,lauriebax,2025-10-21T09:37:12Z,issue_comment,245
2897515596,12364,CLAassistant,2025-05-21T10:57:25Z,issue_comment,176
3425647249,12364,lauriebax,2025-10-21T09:36:09Z,issue_comment,514
1272212607,8920,codecov[bot],2022-10-08T03:25:21Z,issue_comment,3730
992946086,8920,BIGWangYuDong,2022-10-12T03:10:41Z,review_comment,104
1819883166,11198,CLAassistant,2023-11-20T22:08:27Z,issue_comment,570
3390726439,11198,sparshgarg23,2025-10-10T15:18:26Z,issue_comment,136
1126709724,7987,codecov[bot],2022-05-14T12:43:12Z,issue_comment,3772
1127140687,7987,eilenelxc,2022-05-16T02:08:42Z,issue_comment,29
1127175315,7987,hhaAndroid,2022-05-16T03:24:57Z,issue_comment,39
1129495123,7987,eilenelxc,2022-05-18T02:13:42Z,issue_comment,58
1129547305,7987,hhaAndroid,2022-05-18T04:14:44Z,issue_comment,66
1129662035,7987,eilenelxc,2022-05-18T07:22:24Z,issue_comment,99
1136247083,7987,iumyx2612,2022-05-24T17:35:49Z,issue_comment,3581
1137026641,7987,Ccchang-jie,2022-05-25T09:43:35Z,issue_comment,789
1138064442,7987,a-drop-in-the-ocean456,2022-05-26T02:04:23Z,issue_comment,3112
1138074776,7987,Ccchang-jie,2022-05-26T02:21:52Z,issue_comment,3844
1139575056,7987,2zfan,2022-05-27T12:31:49Z,issue_comment,59
1140676877,7987,BigHeadShang,2022-05-30T04:18:12Z,issue_comment,2704
1140684806,7987,BigHeadShang,2022-05-30T04:30:14Z,issue_comment,557
1199062313,7987,lijoe123,2022-07-29T09:22:57Z,issue_comment,213
1200056596,7987,Ccchang-jie,2022-07-30T01:10:19Z,issue_comment,779
1200056677,7987,eilenelxc,2022-07-30T01:10:41Z,issue_comment,57
1274360404,7987,eilenelxc,2022-10-11T09:06:04Z,issue_comment,57
1321517977,7987,hjfdsssdg,2022-11-21T06:24:31Z,issue_comment,99
1321518282,7987,eilenelxc,2022-11-21T06:24:54Z,issue_comment,57
1330654289,7987,chunxt,2022-11-29T13:28:48Z,issue_comment,37
1331762459,7987,fade54188,2022-11-30T07:50:30Z,issue_comment,2855
1331800032,7987,Ccchang-jie,2022-11-30T08:28:48Z,issue_comment,3183
1332343436,7987,fsqy-zhang,2022-11-30T15:25:41Z,issue_comment,375
1367719458,7987,shenxiangkei,2022-12-30T04:31:51Z,issue_comment,3035
1367719521,7987,eilenelxc,2022-12-30T04:32:15Z,issue_comment,57
1375072208,7987,XavierLiu888,2023-01-09T03:50:50Z,issue_comment,189
1375175084,7987,Ccchang-jie,2023-01-09T06:51:36Z,issue_comment,632
1379949309,7987,leavingye123,2023-01-12T08:07:22Z,issue_comment,364
1432704139,7987,cope-code,2023-02-16T08:31:56Z,issue_comment,578
1432704542,7987,eilenelxc,2023-02-16T08:32:19Z,issue_comment,57
1432708278,7987,Ccchang-jie,2023-02-16T08:35:58Z,issue_comment,999
1484612296,7987,SmallingCar,2023-03-27T07:05:22Z,issue_comment,93
1484613998,7987,SmallingCar,2023-03-27T07:06:35Z,issue_comment,235
1598211413,7987,LWTvickyzz,2023-06-20T06:52:15Z,issue_comment,3680
1598211755,7987,eilenelxc,2023-06-20T06:52:36Z,issue_comment,57
1820139677,7987,SHX9610,2023-11-21T03:04:27Z,issue_comment,255
1820139894,7987,eilenelxc,2023-11-21T03:04:47Z,issue_comment,57
2198558599,7987,xyb1314,2024-06-30T13:10:06Z,issue_comment,5797
2198558774,7987,eilenelxc,2024-06-30T13:10:41Z,issue_comment,57
2285704858,7987,liting1018,2024-08-13T08:47:09Z,issue_comment,215
2285705956,7987,eilenelxc,2024-08-13T08:47:41Z,issue_comment,57
2435605801,7987,2323hhb,2024-10-24T15:26:36Z,issue_comment,2729
2435607088,7987,eilenelxc,2024-10-24T15:27:10Z,issue_comment,57
2561699047,7987,wap1024,2024-12-25T08:02:50Z,issue_comment,2876
2561699417,7987,eilenelxc,2024-12-25T08:03:21Z,issue_comment,57
2729725484,7987,CFZ1,2025-03-17T14:27:54Z,issue_comment,3336
2729727396,7987,eilenelxc,2025-03-17T14:28:25Z,issue_comment,57
2864861591,7987,MarksLee99,2025-05-09T01:47:30Z,issue_comment,391
2864862189,7987,eilenelxc,2025-05-09T01:48:04Z,issue_comment,57
2864947855,7987,cope-code,2025-05-09T03:00:09Z,issue_comment,425
2864949103,7987,MarksLee99,2025-05-09T03:01:16Z,issue_comment,573
3384802741,7987,DataXujing,2025-10-09T08:47:40Z,issue_comment,17
3384804813,7987,eilenelxc,2025-10-09T08:48:15Z,issue_comment,57
1240944780,8757,CLAassistant,2022-09-08T16:26:48Z,issue_comment,567
1246304593,8757,ZwwWayne,2022-09-14T06:32:03Z,issue_comment,389
1246969407,8757,Raysilience,2022-09-14T15:50:18Z,issue_comment,69
1272304238,8757,codecov[bot],2022-10-08T12:06:39Z,issue_comment,3784
1503512553,8757,OpenMMLab-Assistant005,2023-04-11T14:47:19Z,issue_comment,759
1232229532,8673,CLAassistant,2022-08-30T22:22:48Z,issue_comment,175
1232332654,8673,codecov[bot],2022-08-31T01:07:30Z,issue_comment,2964
1232586927,8673,christian-hiebl,2022-08-31T07:49:36Z,issue_comment,212
1232646959,8673,jbwang1997,2022-08-31T08:44:12Z,issue_comment,321
1232678558,8673,christian-hiebl,2022-08-31T09:10:49Z,issue_comment,367
1236502371,8673,BIGWangYuDong,2022-09-05T03:12:21Z,issue_comment,492
1237494253,8673,christian-hiebl,2022-09-05T22:08:27Z,issue_comment,722
1246348507,8673,BIGWangYuDong,2022-09-14T07:18:46Z,issue_comment,948
1264602790,8673,christian-hiebl,2022-10-02T10:08:28Z,issue_comment,246
962440198,8673,BIGWangYuDong,2022-09-05T02:58:35Z,review_comment,34
962440485,8673,BIGWangYuDong,2022-09-05T02:59:30Z,review_comment,56
962441029,8673,BIGWangYuDong,2022-09-05T03:01:31Z,review_comment,94
962441341,8673,BIGWangYuDong,2022-09-05T03:02:37Z,review_comment,29
963134586,8673,christian-hiebl,2022-09-05T21:50:50Z,review_comment,100
1056070107,8673,BIGWangYuDong,2022-12-23T06:19:50Z,review_comment,291
1090033636,7645,codecov[bot],2022-04-06T09:06:21Z,issue_comment,2966
1124563188,7645,CCODING04,2022-05-12T06:01:57Z,issue_comment,175
1124580470,7645,jbwang1997,2022-05-12T06:29:41Z,issue_comment,87
1170666713,7645,CCODING04,2022-06-30T02:01:57Z,issue_comment,371
1170760602,7645,jbwang1997,2022-06-30T04:52:11Z,issue_comment,1217
1181307256,7645,CCODING04,2022-07-12T04:42:15Z,issue_comment,194
1182974107,7645,CCODING04,2022-07-13T09:14:48Z,issue_comment,391
1186792572,7645,CCODING04,2022-07-18T05:48:37Z,issue_comment,863
1187563167,7645,jbwang1997,2022-07-18T14:23:14Z,issue_comment,259
1189806081,7645,CCODING04,2022-07-20T04:11:50Z,issue_comment,383
844586092,7645,ZwwWayne,2022-04-07T02:44:29Z,review_comment,29
844586526,7645,ZwwWayne,2022-04-07T02:45:46Z,review_comment,70
845704526,7645,CCODING04,2022-04-08T03:12:09Z,review_comment,198
852697315,7645,jbwang1997,2022-04-19T07:39:40Z,review_comment,104
852698225,7645,jbwang1997,2022-04-19T07:40:48Z,review_comment,26
857213885,7645,CCODING04,2022-04-25T02:02:12Z,review_comment,123
857221325,7645,CCODING04,2022-04-25T02:32:24Z,review_comment,239
857221601,7645,CCODING04,2022-04-25T02:33:23Z,review_comment,77
857237207,7645,jbwang1997,2022-04-25T03:35:13Z,review_comment,64
923408183,7645,jbwang1997,2022-07-18T13:59:42Z,review_comment,40
923410560,7645,jbwang1997,2022-07-18T14:01:52Z,review_comment,23
923413777,7645,jbwang1997,2022-07-18T14:04:56Z,review_comment,81
923417878,7645,jbwang1997,2022-07-18T14:08:48Z,review_comment,65
923423147,7645,jbwang1997,2022-07-18T14:13:43Z,review_comment,134
925143102,7645,CCODING04,2022-07-20T03:43:08Z,review_comment,261
632172168,2534,CLAassistant,2020-05-21T15:54:04Z,issue_comment,989
869718156,2534,hukaixuan19970627,2021-06-28T14:09:50Z,issue_comment,52
869721741,2534,hello-jinwoo,2021-06-28T14:13:52Z,issue_comment,272
1407628744,2534,ZwwWayne,2023-01-29T10:51:54Z,issue_comment,85
1502745358,10078,Ginray,2023-04-11T06:19:15Z,issue_comment,31
2434514807,10078,codecov[bot],2024-10-24T07:33:03Z,issue_comment,3711
3131098852,12388,CLAassistant,2025-07-29T07:39:58Z,issue_comment,570
1212881112,8552,CLAassistant,2022-08-12T08:50:44Z,issue_comment,175
1214645938,8552,ZwwWayne,2022-08-15T05:57:07Z,issue_comment,386
1220308189,8552,codecov[bot],2022-08-19T06:38:07Z,issue_comment,6466
1246313298,8552,ZwwWayne,2022-09-14T06:42:23Z,issue_comment,72
949832168,8552,hhaAndroid,2022-08-19T06:10:23Z,review_comment,64
949833104,8552,hhaAndroid,2022-08-19T06:12:05Z,review_comment,157
949835644,8552,hhaAndroid,2022-08-19T06:17:16Z,review_comment,15
949835852,8552,hhaAndroid,2022-08-19T06:17:40Z,review_comment,37
949837423,8552,hhaAndroid,2022-08-19T06:20:36Z,review_comment,118
949838553,8552,hhaAndroid,2022-08-19T06:22:45Z,review_comment,6
949840836,8552,hhaAndroid,2022-08-19T06:27:00Z,review_comment,102
949841827,8552,hhaAndroid,2022-08-19T06:28:46Z,review_comment,48
949843103,8552,hhaAndroid,2022-08-19T06:31:03Z,review_comment,51
949843741,8552,hhaAndroid,2022-08-19T06:32:07Z,review_comment,71
949845188,8552,hhaAndroid,2022-08-19T06:34:25Z,review_comment,116
949846680,8552,hhaAndroid,2022-08-19T06:35:46Z,review_comment,18
949847597,8552,hhaAndroid,2022-08-19T06:36:53Z,review_comment,6
950957540,8552,HuDi2018,2022-08-22T02:33:35Z,review_comment,163
950961364,8552,HuDi2018,2022-08-22T02:45:03Z,review_comment,90
950962353,8552,HuDi2018,2022-08-22T02:46:34Z,review_comment,23
950987699,8552,HuDi2018,2022-08-22T03:40:09Z,review_comment,268
951004755,8552,HuDi2018,2022-08-22T04:33:24Z,review_comment,568
951006929,8552,HuDi2018,2022-08-22T04:39:59Z,review_comment,77
951010148,8552,hhaAndroid,2022-08-22T04:48:39Z,review_comment,30
951010605,8552,hhaAndroid,2022-08-22T04:49:53Z,review_comment,93
951010897,8552,hhaAndroid,2022-08-22T04:50:43Z,review_comment,21
951011390,8552,hhaAndroid,2022-08-22T04:52:06Z,review_comment,53
951042404,8552,HuDi2018,2022-08-22T06:05:04Z,review_comment,18
951051395,8552,HuDi2018,2022-08-22T06:21:06Z,review_comment,72
955580525,8552,hhaAndroid,2022-08-26T02:08:11Z,review_comment,2
955581492,8552,hhaAndroid,2022-08-26T02:10:46Z,review_comment,85
955582464,8552,hhaAndroid,2022-08-26T02:13:39Z,review_comment,21
955582650,8552,hhaAndroid,2022-08-26T02:14:08Z,review_comment,26
955583119,8552,hhaAndroid,2022-08-26T02:15:26Z,review_comment,2
955637147,8552,HuDi2018,2022-08-26T04:24:24Z,review_comment,63
955638613,8552,HuDi2018,2022-08-26T04:27:39Z,review_comment,81
955777712,8552,RangiLyu,2022-08-26T08:09:15Z,review_comment,162
955778394,8552,RangiLyu,2022-08-26T08:10:02Z,review_comment,56
955780593,8552,RangiLyu,2022-08-26T08:12:41Z,review_comment,100
955788094,8552,RangiLyu,2022-08-26T08:21:35Z,review_comment,401
955792271,8552,RangiLyu,2022-08-26T08:26:27Z,review_comment,54
955798833,8552,HuDi2018,2022-08-26T08:33:27Z,review_comment,163
955840158,8552,RangiLyu,2022-08-26T09:12:57Z,review_comment,145
955913230,8552,ZwwWayne,2022-08-26T10:41:33Z,review_comment,216
955913751,8552,ZwwWayne,2022-08-26T10:42:17Z,review_comment,61
955917169,8552,ZwwWayne,2022-08-26T10:46:56Z,review_comment,119
1019503179,7067,codecov[bot],2022-01-23T15:03:11Z,issue_comment,2928
1034594918,7067,ZwwWayne,2022-02-10T07:50:27Z,issue_comment,114
1035288290,7067,fcakyon,2022-02-10T18:25:26Z,issue_comment,166
1036089507,7067,JingweiZhang12,2022-02-11T11:03:03Z,issue_comment,453
1062832403,7067,hhaAndroid,2022-03-09T11:38:41Z,issue_comment,34
790855820,7067,ZwwWayne,2022-01-24T15:28:10Z,review_comment,207
790870921,7067,fcakyon,2022-01-24T15:43:22Z,review_comment,105
790872610,7067,fcakyon,2022-01-24T15:45:01Z,review_comment,6857
791667220,7067,BIGWangYuDong,2022-01-25T12:35:27Z,review_comment,58
791667714,7067,BIGWangYuDong,2022-01-25T12:36:07Z,review_comment,49
794302695,7067,hhaAndroid,2022-01-28T08:44:58Z,review_comment,92
741484108,4259,CLAassistant,2020-12-09T02:30:14Z,issue_comment,175
749392352,4259,ZwwWayne,2020-12-22T07:27:42Z,issue_comment,41
749428014,4259,kellenf,2020-12-22T08:55:26Z,issue_comment,13
749438873,4259,codecov[bot],2020-12-22T09:18:08Z,issue_comment,3808
538960246,4259,kellenf,2020-12-09T02:37:13Z,review_comment,118
539281858,4259,ZwwWayne,2020-12-09T12:53:41Z,review_comment,69
539283457,4259,ZwwWayne,2020-12-09T12:56:09Z,review_comment,44
539283727,4259,ZwwWayne,2020-12-09T12:56:32Z,review_comment,36
539284438,4259,ZwwWayne,2020-12-09T12:57:27Z,review_comment,28
539284602,4259,ZwwWayne,2020-12-09T12:57:40Z,review_comment,7
540080345,4259,kellenf,2020-12-10T11:08:59Z,review_comment,117
540104416,4259,kellenf,2020-12-10T11:48:09Z,review_comment,16
540104522,4259,kellenf,2020-12-10T11:48:20Z,review_comment,7
540104597,4259,kellenf,2020-12-10T11:48:28Z,review_comment,5
540925145,4259,ZwwWayne,2020-12-11T12:51:28Z,review_comment,11
540925844,4259,ZwwWayne,2020-12-11T12:52:40Z,review_comment,114
540932498,4259,ZwwWayne,2020-12-11T13:04:29Z,review_comment,36
540932978,4259,ZwwWayne,2020-12-11T13:05:12Z,review_comment,13
541940736,4259,jshilong,2020-12-13T14:52:51Z,review_comment,362
542081277,4259,kellenf,2020-12-14T03:06:55Z,review_comment,109
542440773,4259,kellenf,2020-12-14T14:47:28Z,review_comment,7
542440908,4259,kellenf,2020-12-14T14:47:36Z,review_comment,7
542440967,4259,kellenf,2020-12-14T14:47:41Z,review_comment,7
542441117,4259,kellenf,2020-12-14T14:47:51Z,review_comment,7
542990209,4259,ZwwWayne,2020-12-15T02:08:55Z,review_comment,89
542990332,4259,ZwwWayne,2020-12-15T02:09:16Z,review_comment,159
542991594,4259,ZwwWayne,2020-12-15T02:12:32Z,review_comment,30
544789390,4259,kellenf,2020-12-17T03:42:17Z,review_comment,7
544789430,4259,kellenf,2020-12-17T03:42:23Z,review_comment,7
544793319,4259,kellenf,2020-12-17T03:55:08Z,review_comment,7
546478618,4259,ZwwWayne,2020-12-21T02:25:12Z,review_comment,50
547056461,4259,kellenf,2020-12-22T04:06:45Z,review_comment,7
3040335978,12378,CLAassistant,2025-07-05T22:18:14Z,issue_comment,176
1357013063,9495,ZwwWayne,2022-12-19T02:55:18Z,issue_comment,137
1051418142,9495,hhaAndroid,2022-12-17T15:20:29Z,review_comment,128
1051528390,9495,twmht,2022-12-18T04:49:14Z,review_comment,12
533992590,1386,lucasjinreal,2019-09-23T07:46:24Z,issue_comment,54
541016545,1386,druzhkov-paul,2019-10-11T10:53:33Z,issue_comment,405
541035976,1386,lucasjinreal,2019-10-11T12:03:49Z,issue_comment,30
609379165,1386,ashnair1,2020-04-05T08:29:49Z,issue_comment,21
613517440,1386,druzhkov-paul,2020-04-14T15:40:46Z,issue_comment,590
613532623,1386,ashnair1,2020-04-14T16:06:23Z,issue_comment,164
613618582,1386,druzhkov-paul,2020-04-14T18:50:50Z,issue_comment,19
614394066,1386,hakillha,2020-04-16T03:23:56Z,issue_comment,980
614479087,1386,druzhkov-paul,2020-04-16T07:54:44Z,issue_comment,340
631841992,1386,zr526799544,2020-05-21T02:32:21Z,issue_comment,559
631908227,1386,zr526799544,2020-05-21T06:24:50Z,issue_comment,497
631990220,1386,druzhkov-paul,2020-05-21T09:40:18Z,issue_comment,592
631994262,1386,zr526799544,2020-05-21T09:50:03Z,issue_comment,641
632173478,1386,CLAassistant,2020-05-21T15:55:17Z,issue_comment,902
639357573,1386,KevenLee,2020-06-05T09:09:30Z,issue_comment,2871
639364972,1386,druzhkov-paul,2020-06-05T09:24:37Z,issue_comment,74
639379584,1386,KevenLee,2020-06-05T09:56:35Z,issue_comment,248
639382141,1386,druzhkov-paul,2020-06-05T10:02:16Z,issue_comment,592
717119719,1386,RunningLeon,2020-10-27T09:48:40Z,issue_comment,70
717125286,1386,druzhkov-paul,2020-10-27T09:58:00Z,issue_comment,202
851359982,1386,ZwwWayne,2021-05-31T09:33:45Z,issue_comment,58
1504585660,1386,OpenMMLab-Assistant-004,2023-04-12T04:25:34Z,issue_comment,767
714879383,3985,CLAassistant,2020-10-23T03:07:30Z,issue_comment,1056
714885998,3985,codecov[bot],2020-10-23T03:29:42Z,issue_comment,2804
646837618,3082,CLAassistant,2020-06-19T19:53:58Z,issue_comment,1050
646866370,3082,rydenisbak,2020-06-19T21:26:40Z,issue_comment,38
651103942,3082,yhcao6,2020-06-29T12:59:52Z,issue_comment,54
655487948,3082,yhcao6,2020-07-08T12:27:17Z,issue_comment,71
824002805,5039,CLAassistant,2021-04-21T11:56:36Z,issue_comment,1461
824580044,5039,codecov[bot],2021-04-22T06:36:19Z,issue_comment,6770
826290127,5039,ZwwWayne,2021-04-25T09:23:22Z,issue_comment,55
1985694391,11533,CLAassistant,2024-03-08T13:26:55Z,issue_comment,176
2154897169,11776,MiXaiLL76,2024-06-07T13:54:33Z,issue_comment,53
2156716055,11776,vansprosk8,2024-06-09T17:48:22Z,issue_comment,38
2159649258,11776,BIGWangYuDong,2024-06-11T02:22:36Z,issue_comment,41
2164889391,11776,MiXaiLL76,2024-06-13T07:50:38Z,issue_comment,87
2189036553,11776,MiXaiLL76,2024-06-25T13:58:05Z,issue_comment,70
2264330354,11776,hhaAndroid,2024-08-02T01:40:57Z,issue_comment,37
2264775557,11776,MiXaiLL76,2024-08-02T07:44:00Z,issue_comment,71
2320460989,11776,MiXaiLL76,2024-08-30T08:21:05Z,issue_comment,43
2438949864,11776,MiXaiLL76,2024-10-25T22:10:45Z,issue_comment,96
2911892092,11776,MiXaiLL76,2025-05-27T09:48:31Z,issue_comment,20
1701075872,11776,hhaAndroid,2024-08-02T01:40:14Z,review_comment,100
1701075936,11776,hhaAndroid,2024-08-02T01:40:19Z,review_comment,100
1701437669,11776,MiXaiLL76,2024-08-02T07:43:10Z,review_comment,4
1701437906,11776,MiXaiLL76,2024-08-02T07:43:16Z,review_comment,4
1770725393,11776,BIGWangYuDong,2024-09-23T02:40:09Z,review_comment,203
2833811715,12350,CLAassistant,2025-04-28T02:08:28Z,issue_comment,570
2764668628,12339,CLAassistant,2025-03-30T17:38:59Z,issue_comment,176
2744547630,12331,CLAassistant,2025-03-21T22:02:16Z,issue_comment,176
1578793041,10454,CLAassistant,2023-06-06T13:40:58Z,issue_comment,176
1580090839,10454,OpenMMLab-Assistant-004,2023-06-07T07:25:23Z,issue_comment,1035
2710816362,12325,CLAassistant,2025-03-10T14:35:44Z,issue_comment,176
865982192,5417,CLAassistant,2021-06-22T13:25:40Z,issue_comment,175
866456207,5417,hhaAndroid,2021-06-23T01:43:00Z,issue_comment,200
866496523,5417,thisisi3,2021-06-23T03:37:08Z,issue_comment,221
867381783,5417,hhaAndroid,2021-06-24T06:39:23Z,issue_comment,391
1506248075,5417,OpenMMLab-Coodinator,2023-04-13T02:40:19Z,issue_comment,736
2667657992,12313,CLAassistant,2025-02-19T06:51:18Z,issue_comment,570
1031568498,7125,CLAassistant,2022-02-07T15:07:31Z,issue_comment,175
1032183237,7125,codecov[bot],2022-02-08T03:43:01Z,issue_comment,2697
1035852345,7125,hhaAndroid,2022-02-11T03:34:51Z,issue_comment,64
1038779887,7125,abelsiqueira,2022-02-14T08:14:03Z,issue_comment,157
1507855895,7125,OpenMMLab-Assistant003,2023-04-14T02:50:53Z,issue_comment,774
1120146001,7924,CLAassistant,2022-05-07T06:30:34Z,issue_comment,175
1120157636,7924,codecov[bot],2022-05-07T07:42:43Z,issue_comment,2701
1120885887,7945,CLAassistant,2022-05-09T09:47:52Z,issue_comment,175
1122031778,7945,jbwang1997,2022-05-10T07:31:36Z,issue_comment,66
1122104552,7945,codecov[bot],2022-05-10T08:42:37Z,issue_comment,3559
1122124618,7945,jbwang1997,2022-05-10T09:02:57Z,issue_comment,142
868902026,7945,ZwwWayne,2022-05-10T07:23:18Z,review_comment,51
868902691,7945,ZwwWayne,2022-05-10T07:24:05Z,review_comment,168
868903330,7945,ZwwWayne,2022-05-10T07:24:47Z,review_comment,23
868959808,7945,jbwang1997,2022-05-10T08:23:56Z,review_comment,29
868960978,7945,jbwang1997,2022-05-10T08:25:07Z,review_comment,73
1140937053,8090,ZwwWayne,2022-05-30T09:40:49Z,issue_comment,615
1140979247,8090,pallgeuer,2022-05-30T10:22:48Z,issue_comment,158
1141582615,8090,ZwwWayne,2022-05-31T01:36:11Z,issue_comment,404
1141809672,8090,pallgeuer,2022-05-31T08:15:15Z,issue_comment,84
1148439996,8090,pallgeuer,2022-06-07T09:41:44Z,issue_comment,118
1148567485,8090,codecov[bot],2022-06-07T11:56:32Z,issue_comment,5213
1150591083,8090,ZwwWayne,2022-06-09T02:05:33Z,issue_comment,1328
1150936508,8090,pallgeuer,2022-06-09T10:13:00Z,issue_comment,141
1152864864,8090,ZwwWayne,2022-06-11T06:10:26Z,issue_comment,316
1407638001,8090,ZwwWayne,2023-01-29T11:32:50Z,issue_comment,174
891104754,8090,ZwwWayne,2022-06-07T11:34:02Z,review_comment,380
891186995,8090,pallgeuer,2022-06-07T12:56:11Z,review_comment,625
892256685,8090,ZwwWayne,2022-06-08T11:44:36Z,review_comment,821
892331837,8090,pallgeuer,2022-06-08T13:00:36Z,review_comment,21
1147287574,8142,codecov[bot],2022-06-06T10:14:52Z,issue_comment,3496
1272324380,8142,ZwwWayne,2022-10-08T13:47:03Z,issue_comment,73
1272337951,8142,HAOCHENYE,2022-10-08T15:01:24Z,issue_comment,205
890041482,8142,hhaAndroid,2022-06-06T11:00:01Z,review_comment,91
891106677,8142,ZwwWayne,2022-06-07T11:36:23Z,review_comment,109
1177548587,8323,codecov[bot],2022-07-07T12:40:20Z,issue_comment,2699
1178454282,8323,zimoqingfeng,2022-07-08T02:01:30Z,issue_comment,109
1188749573,8323,zimoqingfeng,2022-07-19T08:22:05Z,issue_comment,46
1188753543,8323,ayulockin,2022-07-19T08:25:59Z,issue_comment,153
1188820823,8323,zimoqingfeng,2022-07-19T09:29:08Z,issue_comment,142
1197846194,8323,liming-ai,2022-07-28T08:43:37Z,issue_comment,59
1197850426,8323,zimoqingfeng,2022-07-28T08:47:30Z,issue_comment,35
1210592573,8323,zimoqingfeng,2022-08-10T12:17:34Z,issue_comment,89
1211029604,8323,ayulockin,2022-08-10T17:29:52Z,issue_comment,121
1211595867,8323,zimoqingfeng,2022-08-11T06:27:13Z,issue_comment,78
1291419571,8323,hhaAndroid,2022-10-26T02:40:32Z,issue_comment,41
1291426162,8323,ayulockin,2022-10-26T02:51:40Z,issue_comment,510
1291925001,8323,zimoqingfeng,2022-10-26T11:59:44Z,issue_comment,560
916508904,8323,ayulockin,2022-07-08T06:41:54Z,review_comment,573
1204801374,8491,codecov[bot],2022-08-04T06:07:34Z,issue_comment,2697
1206249897,8508,codecov[bot],2022-08-05T09:35:26Z,issue_comment,3508
2646048926,12304,CLAassistant,2025-02-09T03:27:17Z,issue_comment,176
2646053591,12304,anglesideangle,2025-02-09T03:48:56Z,issue_comment,41
2629660599,12300,CLAassistant,2025-02-03T00:40:42Z,issue_comment,176
2593493362,12296,CLAassistant,2025-01-15T17:11:28Z,issue_comment,176
2590303298,12293,CLAassistant,2025-01-14T15:47:58Z,issue_comment,1019
2590382365,12293,chatzianagnostis,2025-01-14T16:10:17Z,issue_comment,38
2590174658,12292,CLAassistant,2025-01-14T15:06:39Z,issue_comment,176
2580123281,12288,CLAassistant,2025-01-09T13:12:37Z,issue_comment,176
2569994329,12283,CLAassistant,2025-01-04T01:43:08Z,issue_comment,176
2549333639,12273,CLAassistant,2024-12-17T18:52:47Z,issue_comment,909
1365039365,9533,CLAassistant,2022-12-26T09:40:13Z,issue_comment,175
1365571750,9533,ZwwWayne,2022-12-27T03:00:35Z,issue_comment,117
1365618938,9533,Min-Sheng,2022-12-27T05:16:04Z,issue_comment,787
1365642755,9533,ZwwWayne,2022-12-27T06:18:00Z,issue_comment,388
1366340582,9533,Min-Sheng,2022-12-28T03:29:15Z,issue_comment,430
1369456234,9533,codecov[bot],2023-01-03T07:18:51Z,issue_comment,4360
1495748007,9533,OpenMMLab-Assistant001,2023-04-04T10:46:11Z,issue_comment,975
1057465107,9533,ZwwWayne,2022-12-27T06:19:51Z,review_comment,440
1057465258,9533,ZwwWayne,2022-12-27T06:20:13Z,review_comment,45
1060260333,9533,ZwwWayne,2023-01-03T03:32:40Z,review_comment,199
1061088222,9533,Min-Sheng,2023-01-04T02:15:32Z,review_comment,5
1074804785,7493,CLAassistant,2022-03-22T07:00:36Z,issue_comment,1004
1074906411,7493,codecov[bot],2022-03-22T09:05:02Z,issue_comment,3519
1074931681,7493,RangiLyu,2022-03-22T09:31:09Z,issue_comment,30
831832789,7493,ZwwWayne,2022-03-22T07:12:02Z,review_comment,22
831881637,7493,jbwang1997,2022-03-22T08:19:23Z,review_comment,22
831924276,7493,jbwang1997,2022-03-22T09:05:32Z,review_comment,41
831945299,7493,RangiLyu,2022-03-22T09:27:41Z,review_comment,66
832974257,7493,hhaAndroid,2022-03-23T08:17:30Z,review_comment,147
832976048,7493,hhaAndroid,2022-03-23T08:19:39Z,review_comment,87
832979102,7493,hhaAndroid,2022-03-23T08:23:25Z,review_comment,4
832982327,7493,hhaAndroid,2022-03-23T08:27:09Z,review_comment,45
834194338,7493,YuanLiuuuuuu,2022-03-24T11:16:31Z,review_comment,26
835759715,7493,ZwwWayne,2022-03-26T12:31:25Z,review_comment,90
835759815,7493,ZwwWayne,2022-03-26T12:32:15Z,review_comment,88
835759874,7493,ZwwWayne,2022-03-26T12:32:50Z,review_comment,11
837246410,7493,YuanLiuuuuuu,2022-03-29T09:14:32Z,review_comment,131
840228862,7493,hhaAndroid,2022-04-01T04:54:33Z,review_comment,88
843433567,7493,jshilong,2022-04-06T03:48:58Z,review_comment,14
2300070350,11916,CLAassistant,2024-08-21T01:37:36Z,issue_comment,176
2306092713,11916,dazory,2024-08-23T03:01:03Z,issue_comment,166
2418679520,11916,dazory,2024-10-17T06:51:55Z,issue_comment,224
2499291168,11916,LimHyungTae,2024-11-26T00:12:26Z,issue_comment,72
1117120807,7906,mm-assistant[bot],2022-05-04T09:45:14Z,issue_comment,99
1117120826,7906,CLAassistant,2022-05-04T09:45:15Z,issue_comment,567
1117281338,7906,codecov[bot],2022-05-04T12:56:53Z,issue_comment,2701
1117541459,7906,jbwang1997,2022-05-04T16:11:33Z,issue_comment,692
1504568393,7906,OpenMMLab-Assistant-004,2023-04-12T04:08:50Z,issue_comment,760
864994837,7906,jbwang1997,2022-05-04T15:45:14Z,review_comment,123
864998547,7906,jbwang1997,2022-05-04T15:48:46Z,review_comment,68
865001222,7906,jbwang1997,2022-05-04T15:51:29Z,review_comment,346
1575759623,10440,CLAassistant,2023-06-04T22:40:51Z,issue_comment,176
1580090615,10440,OpenMMLab-Assistant-004,2023-06-07T07:25:16Z,issue_comment,1037
2458962447,10440,pecanjk,2024-11-06T08:14:34Z,issue_comment,11
2456676564,12030,CLAassistant,2024-11-05T09:34:12Z,issue_comment,570
2456211923,12029,CLAassistant,2024-11-05T04:32:39Z,issue_comment,570
2294660977,11913,CLAassistant,2024-08-17T06:01:00Z,issue_comment,176
1183313499,8362,CLAassistant,2022-07-13T14:42:09Z,issue_comment,175
1193623907,8362,czczup,2022-07-25T06:12:42Z,issue_comment,220
1193630513,8362,Li-Qingyun,2022-07-25T06:21:24Z,issue_comment,301
1193635653,8362,Li-Qingyun,2022-07-25T06:28:20Z,issue_comment,181
1193638734,8362,czczup,2022-07-25T06:32:46Z,issue_comment,832
1193645358,8362,Li-Qingyun,2022-07-25T06:42:38Z,issue_comment,328
1193650821,8362,Li-Qingyun,2022-07-25T06:50:22Z,issue_comment,484
1193659727,8362,Li-Qingyun,2022-07-25T07:02:33Z,issue_comment,294
1193714389,8362,czczup,2022-07-25T07:58:44Z,issue_comment,471
1193726913,8362,Li-Qingyun,2022-07-25T08:11:26Z,issue_comment,764
1193992880,8362,czczup,2022-07-25T12:35:12Z,issue_comment,583
1194054622,8362,Li-Qingyun,2022-07-25T13:32:17Z,issue_comment,101
1194863266,8362,Li-Qingyun,2022-07-26T01:25:55Z,issue_comment,385
1194869321,8362,czczup,2022-07-26T01:35:48Z,issue_comment,160
1194871525,8362,czczup,2022-07-26T01:39:15Z,issue_comment,251
1194872892,8362,Li-Qingyun,2022-07-26T01:41:13Z,issue_comment,175
1194996717,8362,czczup,2022-07-26T04:47:25Z,issue_comment,173
1195096649,8362,Li-Qingyun,2022-07-26T07:12:51Z,issue_comment,340
1195099109,8362,Li-Qingyun,2022-07-26T07:15:39Z,issue_comment,1933
1207598728,8362,Li-Qingyun,2022-08-08T03:02:50Z,issue_comment,6036
1208848798,8362,zhaoguoqing12,2022-08-09T02:42:47Z,issue_comment,504
1208851698,8362,czczup,2022-08-09T02:49:49Z,issue_comment,532
1208852435,8362,Li-Qingyun,2022-08-09T02:51:26Z,issue_comment,429
1208857104,8362,zhaoguoqing12,2022-08-09T03:01:33Z,issue_comment,444
1208859699,8362,Li-Qingyun,2022-08-09T03:07:04Z,issue_comment,543
1208861438,8362,zhaoguoqing12,2022-08-09T03:10:51Z,issue_comment,23
1226955956,8362,Li-Qingyun,2022-08-25T08:36:57Z,issue_comment,547
1435821483,8362,Li-Qingyun,2023-02-19T02:24:38Z,issue_comment,606
947662966,8362,jshilong,2022-08-17T09:19:26Z,review_comment,29
1365763092,9534,Li-Qingyun,2022-12-27T09:44:46Z,issue_comment,161
1369418406,9534,Li-Qingyun,2023-01-03T05:55:32Z,issue_comment,257
1383613686,9534,ZwwWayne,2023-01-16T07:47:16Z,issue_comment,24
1385096816,9534,jshilong,2023-01-17T09:34:02Z,issue_comment,69
1407588998,9534,Li-Qingyun,2023-01-29T07:41:04Z,issue_comment,61
1066593933,9534,jshilong,2023-01-11T05:48:12Z,review_comment,54
1066595394,9534,jshilong,2023-01-11T05:51:24Z,review_comment,6
1066596073,9534,jshilong,2023-01-11T05:53:02Z,review_comment,100
1066596325,9534,jshilong,2023-01-11T05:53:36Z,review_comment,49
1068916818,9534,jshilong,2023-01-13T04:33:21Z,review_comment,107
1070951858,9534,ZCMax,2023-01-16T08:28:08Z,review_comment,100
1070964530,9534,Li-Qingyun,2023-01-16T08:42:27Z,review_comment,18
1070966972,9534,Li-Qingyun,2023-01-16T08:45:09Z,review_comment,201
1070986536,9534,ZCMax,2023-01-16T09:05:45Z,review_comment,262
1070989089,9534,ZCMax,2023-01-16T09:08:22Z,review_comment,38
1071006669,9534,ZCMax,2023-01-16T09:25:27Z,review_comment,57
1071011125,9534,ZCMax,2023-01-16T09:28:49Z,review_comment,41
1071116153,9534,RangeKing,2023-01-16T11:10:40Z,review_comment,51
1071116359,9534,RangeKing,2023-01-16T11:10:48Z,review_comment,51
1071142686,9534,RangeKing,2023-01-16T11:37:44Z,review_comment,16
1071142830,9534,RangeKing,2023-01-16T11:37:55Z,review_comment,16
1071144566,9534,RangeKing,2023-01-16T11:39:56Z,review_comment,231
1071331130,9534,Li-Qingyun,2023-01-16T14:52:40Z,review_comment,177
1071332985,9534,Li-Qingyun,2023-01-16T14:54:27Z,review_comment,94
1071333118,9534,Li-Qingyun,2023-01-16T14:54:35Z,review_comment,59
1071333209,9534,Li-Qingyun,2023-01-16T14:54:40Z,review_comment,61
1071333649,9534,Li-Qingyun,2023-01-16T14:55:06Z,review_comment,49
1073029260,9534,Li-Qingyun,2023-01-18T02:23:48Z,review_comment,301
1073029416,9534,Li-Qingyun,2023-01-18T02:24:10Z,review_comment,80
931378739,6205,codecov[bot],2021-09-30T14:32:49Z,issue_comment,4041
931912801,6205,HarborYuan,2021-10-01T05:34:00Z,issue_comment,66
938668558,6205,jshilong,2021-10-08T14:02:21Z,issue_comment,43
945020165,6205,shinya7y,2021-10-16T23:19:02Z,issue_comment,191
945043542,6205,HarborYuan,2021-10-17T03:39:32Z,issue_comment,235
945094259,6205,shinya7y,2021-10-17T11:15:02Z,issue_comment,886
945122987,6205,HarborYuan,2021-10-17T13:25:51Z,issue_comment,112
950119109,6205,HarborYuan,2021-10-23T08:49:07Z,issue_comment,52
950148546,6205,shinya7y,2021-10-23T12:54:49Z,issue_comment,230
950253290,6205,HarborYuan,2021-10-24T03:26:16Z,issue_comment,755
1102137603,6205,HarborYuan,2022-04-19T06:22:19Z,issue_comment,133
724665825,6205,ZwwWayne,2021-10-08T02:59:34Z,review_comment,77
724667911,6205,HarborYuan,2021-10-08T03:07:00Z,review_comment,278
724668292,6205,HarborYuan,2021-10-08T03:08:16Z,review_comment,48
725861755,6205,Junjun2016,2021-10-11T07:38:17Z,review_comment,162
725866575,6205,HarborYuan,2021-10-11T07:45:27Z,review_comment,77
730328328,6205,shinya7y,2021-10-16T23:50:29Z,review_comment,367
730347152,6205,HarborYuan,2021-10-17T03:38:58Z,review_comment,121
730399106,6205,shinya7y,2021-10-17T11:25:48Z,review_comment,101
731532094,6205,jshilong,2021-10-19T06:27:35Z,review_comment,17
731536008,6205,Junjun2016,2021-10-19T06:34:49Z,review_comment,63
1024854186,7099,CLAassistant,2022-01-29T07:13:22Z,issue_comment,175
1024860330,7099,hhaAndroid,2022-01-29T07:54:51Z,issue_comment,66
1024869396,7099,EasonQYS,2022-01-29T08:51:07Z,issue_comment,24
1033604833,7099,codecov[bot],2022-02-09T10:27:25Z,issue_comment,3477
801537137,7099,RangiLyu,2022-02-08T11:35:38Z,review_comment,130
802295473,7099,EasonQYS,2022-02-09T06:09:59Z,review_comment,30
802453945,7099,RangiLyu,2022-02-09T09:29:26Z,review_comment,257
804338293,7099,hhaAndroid,2022-02-11T03:35:51Z,review_comment,44
807606478,7099,RangiLyu,2022-02-16T07:01:28Z,review_comment,127
2434518522,8735,codecov[bot],2024-10-24T07:34:57Z,issue_comment,6555
970325204,8735,BIGWangYuDong,2022-09-14T05:31:14Z,review_comment,27
970325418,8735,BIGWangYuDong,2022-09-14T05:31:41Z,review_comment,5
970363860,8735,BIGWangYuDong,2022-09-14T06:26:33Z,review_comment,103
970364758,8735,BIGWangYuDong,2022-09-14T06:27:23Z,review_comment,73
970368980,8735,BIGWangYuDong,2022-09-14T06:31:03Z,review_comment,84
970394406,8735,BIGWangYuDong,2022-09-14T06:55:14Z,review_comment,64
970402742,8735,BIGWangYuDong,2022-09-14T06:59:39Z,review_comment,46
970407092,8735,BIGWangYuDong,2022-09-14T07:04:42Z,review_comment,10
1272854913,8947,hhaAndroid,2022-10-10T06:53:24Z,issue_comment,108
1273104222,8947,RockeyCoss,2022-10-10T10:26:47Z,issue_comment,116
1275261589,8947,ayulockin,2022-10-11T20:50:51Z,issue_comment,1019
1280020239,8947,RockeyCoss,2022-10-16T17:56:13Z,issue_comment,991
1280253891,8947,ayulockin,2022-10-17T04:10:47Z,issue_comment,96
2434517416,8947,CLAassistant,2024-10-24T07:34:20Z,issue_comment,893
2434515086,9981,codecov[bot],2024-10-24T07:33:11Z,issue_comment,2703
1140931816,9981,BIGWangYuDong,2023-03-18T04:48:32Z,review_comment,274
1140964284,9981,mmeendez8,2023-03-18T08:00:05Z,review_comment,64
1148936352,9981,mmeendez8,2023-03-27T08:05:51Z,review_comment,16
1151398432,9981,BIGWangYuDong,2023-03-29T05:05:55Z,review_comment,98
1163835223,9981,mmeendez8,2023-04-12T08:59:08Z,review_comment,45
1613246865,10574,CLAassistant,2023-06-29T14:06:57Z,issue_comment,176
1631894768,10574,hhaAndroid,2023-07-12T05:56:48Z,issue_comment,38
1632594277,10574,max-unfinity,2023-07-12T14:05:10Z,issue_comment,234
1640013916,10574,OpenMMLab-Assistant-004,2023-07-18T11:06:57Z,issue_comment,1041
2434473229,10574,gitac10,2024-10-24T07:09:37Z,issue_comment,303
2426457552,12006,CLAassistant,2024-10-21T11:53:12Z,issue_comment,176
853830930,5282,codecov[bot],2021-06-03T12:29:03Z,issue_comment,3562
855347355,5282,jshilong,2021-06-06T06:31:29Z,issue_comment,59
2063545385,5282,guisolsan,2024-04-18T10:31:03Z,issue_comment,203
646096032,5282,jshilong,2021-06-06T08:24:34Z,review_comment,141
646547538,5282,SemyonBevzuk,2021-06-07T12:37:49Z,review_comment,42
821087004,4990,CLAassistant,2021-04-16T10:41:22Z,issue_comment,175
821259953,4990,shinya7y,2021-04-16T15:33:48Z,issue_comment,99
821537620,4990,SemyonBevzuk,2021-04-16T20:17:08Z,issue_comment,1614
821792826,4990,shinya7y,2021-04-17T09:03:27Z,issue_comment,65
822134397,4990,ZwwWayne,2021-04-19T03:04:33Z,issue_comment,95
823395022,4990,SemyonBevzuk,2021-04-20T15:53:06Z,issue_comment,348
823801110,4990,RunningLeon,2021-04-21T06:03:56Z,issue_comment,120
833448579,4990,RunningLeon,2021-05-06T11:26:54Z,issue_comment,277
833461285,4990,SemyonBevzuk,2021-05-06T11:50:49Z,issue_comment,356
846918879,4990,AronLin,2021-05-24T09:38:53Z,issue_comment,1060
847597693,4990,AronLin,2021-05-25T06:55:35Z,issue_comment,612
861141841,4990,RunningLeon,2021-06-15T03:30:10Z,issue_comment,141
861364753,4990,codecov[bot],2021-06-15T10:00:54Z,issue_comment,5794
864698613,4990,RunningLeon,2021-06-21T03:31:03Z,issue_comment,101
616318949,4990,RunningLeon,2021-04-20T03:36:28Z,review_comment,56
616814486,4990,SemyonBevzuk,2021-04-20T15:45:39Z,review_comment,642
618908530,4990,RunningLeon,2021-04-23T03:08:24Z,review_comment,44
618964947,4990,SemyonBevzuk,2021-04-23T06:19:42Z,review_comment,71
2417038322,10348,kseniakhakalo,2024-10-16T14:38:50Z,issue_comment,186
1597134905,10498,nijkah,2023-06-19T12:52:15Z,issue_comment,3764
1599948177,10498,hhaAndroid,2023-06-21T01:48:33Z,issue_comment,4076
1604093589,10498,nijkah,2023-06-23T10:42:49Z,issue_comment,1961
1619778592,10498,hhaAndroid,2023-07-04T08:24:09Z,issue_comment,44
1620250430,10498,nijkah,2023-07-04T13:25:24Z,issue_comment,25877
1620428087,10498,nijkah,2023-07-04T15:13:42Z,issue_comment,8173
1620907645,10498,hhaAndroid,2023-07-05T01:55:06Z,issue_comment,379
1620912614,10498,nijkah,2023-07-05T02:04:38Z,issue_comment,318
1621027237,10498,nijkah,2023-07-05T04:59:51Z,issue_comment,368
1623043321,10498,nijkah,2023-07-06T06:01:15Z,issue_comment,3349
1630177462,10498,lyuwenyu,2023-07-11T05:45:23Z,issue_comment,833
1630295938,10498,nijkah,2023-07-11T07:28:50Z,issue_comment,226
1635217241,10498,lyuwenyu,2023-07-14T03:32:38Z,issue_comment,735
1635276678,10498,hhaAndroid,2023-07-14T05:04:22Z,issue_comment,20
1635279414,10498,hhaAndroid,2023-07-14T05:07:45Z,issue_comment,177
1635437772,10498,nijkah,2023-07-14T07:39:40Z,issue_comment,524
1639593250,10498,hhaAndroid,2023-07-18T06:40:05Z,issue_comment,497
1640179697,10498,hhaAndroid,2023-07-18T13:01:01Z,issue_comment,60
1641270983,10498,hhaAndroid,2023-07-19T01:59:10Z,issue_comment,1035
1641274851,10498,nijkah,2023-07-19T02:05:46Z,issue_comment,1355
1641324897,10498,hhaAndroid,2023-07-19T03:19:06Z,issue_comment,76
1641369583,10498,nijkah,2023-07-19T03:44:48Z,issue_comment,11327
1641374674,10498,hhaAndroid,2023-07-19T03:54:14Z,issue_comment,180
1641379490,10498,nijkah,2023-07-19T04:02:46Z,issue_comment,349
1641417781,10498,nijkah,2023-07-19T05:08:40Z,issue_comment,191
1641699443,10498,hhaAndroid,2023-07-19T08:58:09Z,issue_comment,387
1643427981,10498,nijkah,2023-07-20T07:36:17Z,issue_comment,113
1648678517,10498,rydenisbak,2023-07-24T21:53:23Z,issue_comment,142
1649185488,10498,hhaAndroid,2023-07-25T06:12:27Z,issue_comment,156
1649331786,10498,Guocode,2023-07-25T08:06:38Z,issue_comment,237
1652248095,10498,rydenisbak,2023-07-26T17:46:25Z,issue_comment,2066
1663156023,10498,meteorshowers,2023-08-03T01:07:45Z,issue_comment,34
1668430223,10498,rydenisbak,2023-08-07T19:04:09Z,issue_comment,507
1682012670,10498,rydenisbak,2023-08-17T10:11:01Z,issue_comment,107
1682144430,10498,rydenisbak,2023-08-17T11:47:10Z,issue_comment,855
1685533717,10498,nijkah,2023-08-21T02:44:25Z,issue_comment,180
1685736663,10498,hhaAndroid,2023-08-21T06:37:49Z,issue_comment,180
1685742823,10498,hhaAndroid,2023-08-21T06:43:42Z,issue_comment,325
1685798747,10498,nijkah,2023-08-21T07:30:11Z,issue_comment,222
1687441108,10498,rydenisbak,2023-08-22T05:13:13Z,issue_comment,548
1687537732,10498,nijkah,2023-08-22T06:27:30Z,issue_comment,43
1687625011,10498,rydenisbak,2023-08-22T07:27:39Z,issue_comment,5527
1687625950,10498,nijkah,2023-08-22T07:28:22Z,issue_comment,3180
1687649960,10498,rydenisbak,2023-08-22T07:46:02Z,issue_comment,251
1688185283,10498,collinmccarthy,2023-08-22T13:25:24Z,issue_comment,285
1689377979,10498,hhaAndroid,2023-08-23T06:49:09Z,issue_comment,293
1689401070,10498,hhaAndroid,2023-08-23T07:08:40Z,issue_comment,256
1689501424,10498,hhaAndroid,2023-08-23T08:18:06Z,issue_comment,1492
1689882762,10498,hhaAndroid,2023-08-23T12:34:24Z,issue_comment,213
1689919701,10498,nijkah,2023-08-23T12:59:19Z,issue_comment,528
1690175183,10498,rydenisbak,2023-08-23T15:30:02Z,issue_comment,446
1690854616,10498,hhaAndroid,2023-08-24T01:31:53Z,issue_comment,7898
1690889956,10498,nijkah,2023-08-24T02:19:52Z,issue_comment,4527
1690896653,10498,nijkah,2023-08-24T02:30:13Z,issue_comment,309
1690897416,10498,hhaAndroid,2023-08-24T02:31:25Z,issue_comment,29
1692640383,10498,nijkah,2023-08-25T01:49:11Z,issue_comment,1618
1692755976,10498,hhaAndroid,2023-08-25T04:54:22Z,issue_comment,1723
1692758673,10498,hhaAndroid,2023-08-25T04:58:18Z,issue_comment,188
1694841394,10498,nijkah,2023-08-28T01:01:29Z,issue_comment,1356
1694922330,10498,hhaAndroid,2023-08-28T02:44:45Z,issue_comment,154
1694944071,10498,nijkah,2023-08-28T03:20:08Z,issue_comment,285
1696924451,10498,rydenisbak,2023-08-29T07:34:43Z,issue_comment,498
1698394770,10498,hhaAndroid,2023-08-30T02:25:05Z,issue_comment,1364
1715446697,10498,feivellau,2023-09-12T10:20:21Z,issue_comment,1320
1760720294,10498,jiesonshan,2023-10-13T03:50:45Z,issue_comment,3681
1762667973,10498,feivellau,2023-10-14T06:45:48Z,issue_comment,480
1764352733,10498,jiesonshan,2023-10-16T12:18:47Z,issue_comment,23326
1765515010,10498,feivellau,2023-10-17T01:34:00Z,issue_comment,1880
1766269574,10498,jiesonshan,2023-10-17T11:58:13Z,issue_comment,1932
1784353720,10498,feivellau,2023-10-30T01:50:13Z,issue_comment,9124
1784358867,10498,feivellau,2023-10-30T01:58:09Z,issue_comment,11517
1793429326,10498,flytocc,2023-11-04T12:24:20Z,issue_comment,430
1851467495,10498,HaoLiuHust,2023-12-12T07:53:21Z,issue_comment,56
1862012329,10498,twmht,2023-12-19T02:40:31Z,issue_comment,19
1878710768,10498,flytocc,2024-01-05T13:58:31Z,issue_comment,2553
1888337643,10498,flytocc,2024-01-12T02:32:08Z,issue_comment,3721
1891255102,10498,flytocc,2024-01-15T03:42:05Z,issue_comment,1259
1895166836,10498,twmht,2024-01-17T07:01:02Z,issue_comment,42
1895794469,10498,flytocc,2024-01-17T13:17:28Z,issue_comment,110
1920358830,10498,ocrhei,2024-02-01T02:08:21Z,issue_comment,13
1943623849,10498,sounakdey,2024-02-14T11:54:18Z,issue_comment,49
2408314601,10498,baorepo,2024-10-12T02:36:47Z,issue_comment,2
1250515592,10498,Ben-Louis,2023-07-03T08:57:42Z,review_comment,24
1272789254,10498,rydenisbak,2023-07-24T21:44:16Z,review_comment,161
1272792727,10498,rydenisbak,2023-07-24T21:49:23Z,review_comment,550
1335839151,10498,rydenisbak,2023-09-25T12:45:47Z,review_comment,96
1335839421,10498,rydenisbak,2023-09-25T12:46:04Z,review_comment,96
1367012127,10498,rydenisbak,2023-10-20T13:56:50Z,review_comment,286
2372497404,11970,CLAassistant,2024-09-24T22:26:54Z,issue_comment,729
2254232168,11884,CLAassistant,2024-07-27T19:17:25Z,issue_comment,176
2368234676,11884,scepter914,2024-09-23T13:23:05Z,issue_comment,81
2008554154,11571,CLAassistant,2024-03-20T01:51:24Z,issue_comment,176
2044253497,11623,CLAassistant,2024-04-09T06:40:54Z,issue_comment,570
2367144486,11623,BIGWangYuDong,2024-09-23T02:49:16Z,issue_comment,53
2351610822,11960,CLAassistant,2024-09-15T14:11:44Z,issue_comment,176
2145588194,11764,CLAassistant,2024-06-03T16:01:33Z,issue_comment,570
2333577998,11764,mzur,2024-09-06T08:57:57Z,issue_comment,65
2330468664,11940,CLAassistant,2024-09-05T02:18:47Z,issue_comment,176
1489851549,10053,CLAassistant,2023-03-30T07:50:27Z,issue_comment,899
1501390919,10053,OpenMMLab-Assistant-004,2023-04-10T04:57:38Z,issue_comment,966
2316905109,10053,codecov[bot],2024-08-29T07:30:44Z,issue_comment,2701
1482995029,10026,CLAassistant,2023-03-24T15:27:56Z,issue_comment,176
1501390950,10026,OpenMMLab-Assistant-004,2023-04-10T04:57:40Z,issue_comment,966
1518677444,10026,zht8506,2023-04-22T14:48:15Z,issue_comment,57
2316856314,10026,codecov[bot],2024-08-29T07:01:16Z,issue_comment,2707
1481105396,10016,CLAassistant,2023-03-23T12:25:43Z,issue_comment,176
2316813329,10016,codecov[bot],2024-08-29T06:30:39Z,issue_comment,3551
2283026190,11906,CLAassistant,2024-08-12T02:42:47Z,issue_comment,176
1609851311,10561,CLAassistant,2023-06-27T16:24:47Z,issue_comment,176
1631803713,10561,Czm369,2023-07-12T03:44:54Z,issue_comment,66
1663180347,10561,hhaAndroid,2023-08-03T01:49:39Z,issue_comment,35
1677363326,10561,shufanwu,2023-08-14T13:55:28Z,issue_comment,115
1713829275,10561,lzx101,2023-09-11T12:58:14Z,issue_comment,33
1715646078,10561,shufanwu,2023-09-12T12:38:40Z,issue_comment,74
1716899052,10561,ltyooo,2023-09-13T03:48:43Z,issue_comment,47
1716899407,10561,ltyooo,2023-09-13T03:49:20Z,issue_comment,11
1716920739,10561,ltyooo,2023-09-13T04:21:10Z,issue_comment,291
1716930360,10561,ltyooo,2023-09-13T04:33:51Z,issue_comment,33
1762543745,10561,lzx101,2023-10-14T03:23:17Z,issue_comment,563
1762545115,10561,lzx101,2023-10-14T03:27:35Z,issue_comment,552
2268067361,10561,FionaZhangJ,2024-08-05T02:44:13Z,issue_comment,604
1244598700,10561,Nioolek,2023-06-28T02:45:12Z,review_comment,20
1244605293,10561,Nioolek,2023-06-28T02:58:55Z,review_comment,299
1244607343,10561,Nioolek,2023-06-28T03:03:27Z,review_comment,22
1244609514,10561,Nioolek,2023-06-28T03:08:22Z,review_comment,27
1244612978,10561,Nioolek,2023-06-28T03:10:27Z,review_comment,46
1244613531,10561,Nioolek,2023-06-28T03:11:26Z,review_comment,35
1244614790,10561,Nioolek,2023-06-28T03:14:08Z,review_comment,64
1244615311,10561,Nioolek,2023-06-28T03:15:24Z,review_comment,4
1246538993,10561,shufanwu,2023-06-29T12:15:19Z,review_comment,49
1246541065,10561,shufanwu,2023-06-29T12:17:18Z,review_comment,38
1246561383,10561,shufanwu,2023-06-29T12:36:56Z,review_comment,33
1253070040,10561,shufanwu,2023-07-05T12:57:33Z,review_comment,27
1260519514,10561,Czm369,2023-07-12T03:20:33Z,review_comment,35
1260521498,10561,Czm369,2023-07-12T03:24:23Z,review_comment,46
1260524446,10561,Czm369,2023-07-12T03:30:04Z,review_comment,94
1260528822,10561,Czm369,2023-07-12T03:38:58Z,review_comment,42
1260535183,10561,Czm369,2023-07-12T03:51:21Z,review_comment,161
1260536461,10561,Czm369,2023-07-12T03:53:39Z,review_comment,34
1260537788,10561,Czm369,2023-07-12T03:55:52Z,review_comment,77
1260541181,10561,Czm369,2023-07-12T04:02:07Z,review_comment,62
2009456298,11574,CLAassistant,2024-03-20T12:30:01Z,issue_comment,176
2011602225,11574,Danil328,2024-03-21T08:14:25Z,issue_comment,782
2042145113,11574,Danil328,2024-04-08T08:21:28Z,issue_comment,54
2124964475,11574,Danil328,2024-05-22T14:34:58Z,issue_comment,73
2262600733,11574,Danil328,2024-08-01T09:38:11Z,issue_comment,6
2252173702,11881,CLAassistant,2024-07-26T07:50:19Z,issue_comment,176
2261284659,11881,peasant98,2024-07-31T19:34:06Z,issue_comment,38
2211122972,9812,Vanish1112,2024-07-05T16:09:38Z,issue_comment,387
2257348015,9812,cxxgtxy,2024-07-30T02:39:09Z,issue_comment,628
1112723802,9812,ZwwWayne,2023-02-21T08:35:05Z,review_comment,68
1112724561,9812,ZwwWayne,2023-02-21T08:35:43Z,review_comment,16
1112743952,9812,zwhus,2023-02-21T08:50:18Z,review_comment,87
1113727483,9812,ZwwWayne,2023-02-22T01:16:58Z,review_comment,26
1113727949,9812,ZwwWayne,2023-02-22T01:17:53Z,review_comment,17
1118929632,9812,austinmw,2023-02-27T15:46:40Z,review_comment,50
1119510180,9812,zwhus,2023-02-28T02:24:41Z,review_comment,34
1187289731,9812,hhaAndroid,2023-05-08T10:32:45Z,review_comment,299
1187290890,9812,hhaAndroid,2023-05-08T10:34:14Z,review_comment,107
1187292398,9812,hhaAndroid,2023-05-08T10:36:05Z,review_comment,26
1187297224,9812,hhaAndroid,2023-05-08T10:41:43Z,review_comment,17
1187300721,9812,hhaAndroid,2023-05-08T10:46:12Z,review_comment,76
1187301251,9812,hhaAndroid,2023-05-08T10:46:53Z,review_comment,73
1187301632,9812,hhaAndroid,2023-05-08T10:47:21Z,review_comment,37
1191897243,9812,hhaAndroid,2023-05-12T04:36:45Z,review_comment,8
1191897293,9812,hhaAndroid,2023-05-12T04:36:52Z,review_comment,8
1191897689,9812,hhaAndroid,2023-05-12T04:37:49Z,review_comment,61
2255545387,10787,yihaohu0118,2024-07-29T10:17:36Z,issue_comment,44
1780943353,11094,hhaAndroid,2023-10-26T11:37:54Z,issue_comment,26
1780951288,11094,SimonGuoNjust,2023-10-26T11:44:00Z,issue_comment,390
1794359673,11094,hhaAndroid,2023-11-06T09:03:16Z,issue_comment,76
1794511173,11094,SimonGuoNjust,2023-11-06T10:27:28Z,issue_comment,177
2255488003,11094,lijoe123,2024-07-29T09:50:08Z,issue_comment,220
2242378375,11432,GeorgePearse,2024-07-22T08:25:43Z,issue_comment,57
2164092028,11789,CLAassistant,2024-06-12T23:51:37Z,issue_comment,570
2226523764,11789,perry-smartsizer,2024-07-12T23:33:26Z,issue_comment,35
2095135085,11680,CLAassistant,2024-05-06T03:35:36Z,issue_comment,176
2095135390,11680,shun001,2024-05-06T03:36:06Z,issue_comment,104
2115448687,11680,mmeendez8,2024-05-16T14:45:10Z,issue_comment,31
2225198815,11680,shun001,2024-07-12T09:35:43Z,issue_comment,104
2182887638,11809,CLAassistant,2024-06-21T14:41:58Z,issue_comment,176
1672382361,11809,MiXaiLL76,2024-07-10T14:23:56Z,review_comment,503
1827750524,11216,CLAassistant,2023-11-27T12:33:47Z,issue_comment,176
1842412717,11216,lengmo1996,2023-12-06T08:24:48Z,issue_comment,40
