id,pr_number,reviewer,state,submitted_at,body_length
907955881,7374,EasonQYS,COMMENTED,2022-03-12T05:48:42Z,0
1138378649,8920,BIGWangYuDong,COMMENTED,2022-10-12T03:10:48Z,0
1091587425,8673,jbwang1997,APPROVED,2022-08-31T09:31:50Z,4
1095798241,8673,BIGWangYuDong,COMMENTED,2022-09-05T03:02:02Z,0
1095799867,8673,BIGWangYuDong,COMMENTED,2022-09-05T03:02:37Z,0
1096780778,8673,christian-hiebl,COMMENTED,2022-09-05T21:50:51Z,0
1228574667,8673,BIGWangYuDong,COMMENTED,2022-12-23T06:19:50Z,0
934383328,7645,ZwwWayne,COMMENTED,2022-04-07T02:44:29Z,0
934385583,7645,ZwwWayne,COMMENTED,2022-04-07T02:45:47Z,0
935861781,7645,CCODING04,COMMENTED,2022-04-08T03:12:09Z,0
945207048,7645,jbwang1997,COMMENTED,2022-04-19T07:39:40Z,0
945208326,7645,jbwang1997,COMMENTED,2022-04-19T07:40:48Z,0
951284288,7645,CCODING04,COMMENTED,2022-04-25T02:02:12Z,0
951294548,7645,CCODING04,COMMENTED,2022-04-25T02:32:24Z,0
951294930,7645,CCODING04,COMMENTED,2022-04-25T02:33:24Z,0
951316416,7645,jbwang1997,COMMENTED,2022-04-25T03:35:14Z,0
1041904018,7645,jbwang1997,COMMENTED,2022-07-18T13:59:43Z,0
1041907441,7645,jbwang1997,COMMENTED,2022-07-18T14:01:52Z,0
1041912195,7645,jbwang1997,COMMENTED,2022-07-18T14:04:57Z,0
1041918442,7645,jbwang1997,COMMENTED,2022-07-18T14:08:48Z,0
1041926768,7645,jbwang1997,COMMENTED,2022-07-18T14:13:44Z,0
1044364380,7645,CCODING04,COMMENTED,2022-07-20T03:43:08Z,0
1078320360,8552,hhaAndroid,COMMENTED,2022-08-19T06:36:57Z,0
1079789178,8552,HuDi2018,COMMENTED,2022-08-22T02:33:35Z,0
1079806459,8552,HuDi2018,COMMENTED,2022-08-22T02:45:03Z,0
1079807074,8552,HuDi2018,COMMENTED,2022-08-22T02:46:35Z,0
1079829121,8552,HuDi2018,COMMENTED,2022-08-22T03:40:09Z,0
1079852289,8552,HuDi2018,COMMENTED,2022-08-22T04:33:25Z,0
1079855508,8552,HuDi2018,COMMENTED,2022-08-22T04:39:59Z,0
1079859894,8552,hhaAndroid,COMMENTED,2022-08-22T04:48:39Z,0
1079860493,8552,hhaAndroid,COMMENTED,2022-08-22T04:49:53Z,0
1079860936,8552,hhaAndroid,COMMENTED,2022-08-22T04:50:43Z,0
1079861673,8552,hhaAndroid,COMMENTED,2022-08-22T04:52:07Z,0
1079905557,8552,HuDi2018,COMMENTED,2022-08-22T06:05:05Z,0
1079918230,8552,HuDi2018,COMMENTED,2022-08-22T06:21:06Z,0
1086303458,8552,hhaAndroid,COMMENTED,2022-08-26T02:08:11Z,0
1086304627,8552,hhaAndroid,COMMENTED,2022-08-26T02:17:48Z,0
1086380111,8552,HuDi2018,COMMENTED,2022-08-26T04:24:25Z,0
1086381965,8552,HuDi2018,COMMENTED,2022-08-26T04:27:40Z,0
1086577939,8552,RangiLyu,APPROVED,2022-08-26T08:26:51Z,0
1086607814,8552,HuDi2018,COMMENTED,2022-08-26T08:33:27Z,0
1086663773,8552,RangiLyu,COMMENTED,2022-08-26T09:12:57Z,0
1086739950,8552,RangiLyu,APPROVED,2022-08-26T10:15:55Z,4
1086767437,8552,ZwwWayne,COMMENTED,2022-08-26T10:44:34Z,0
1086773035,8552,ZwwWayne,COMMENTED,2022-08-26T10:46:56Z,0
1106709473,8552,hhaAndroid,APPROVED,2022-09-14T03:36:30Z,0
861120823,7067,ZwwWayne,COMMENTED,2022-01-24T15:28:11Z,0
861142764,7067,fcakyon,COMMENTED,2022-01-24T15:43:22Z,0
861145145,7067,fcakyon,COMMENTED,2022-01-24T15:45:02Z,0
862217640,7067,BIGWangYuDong,COMMENTED,2022-01-25T12:36:10Z,0
865830782,7067,hhaAndroid,COMMENTED,2022-01-28T08:44:58Z,0
548152282,4259,ZwwWayne,COMMENTED,2020-12-09T12:53:41Z,0
548154254,4259,ZwwWayne,COMMENTED,2020-12-09T12:56:09Z,0
548154559,4259,ZwwWayne,COMMENTED,2020-12-09T12:56:32Z,0
548155338,4259,ZwwWayne,COMMENTED,2020-12-09T12:57:27Z,0
548155544,4259,ZwwWayne,COMMENTED,2020-12-09T12:57:40Z,0
547791879,4259,kellenf,COMMENTED,2020-12-11T07:23:06Z,0
550070774,4259,ZwwWayne,COMMENTED,2020-12-11T12:51:28Z,0
550071528,4259,ZwwWayne,COMMENTED,2020-12-11T12:52:40Z,0
550079585,4259,ZwwWayne,COMMENTED,2020-12-11T13:04:29Z,0
550080074,4259,ZwwWayne,COMMENTED,2020-12-11T13:05:12Z,0
550928092,4259,jshilong,COMMENTED,2020-12-13T14:52:52Z,0
551015529,4259,kellenf,COMMENTED,2020-12-14T14:49:21Z,0
552051023,4259,ZwwWayne,COMMENTED,2020-12-15T02:08:55Z,0
552051151,4259,ZwwWayne,COMMENTED,2020-12-15T02:09:16Z,0
552052358,4259,ZwwWayne,COMMENTED,2020-12-15T02:12:32Z,0
554258463,4259,kellenf,COMMENTED,2020-12-17T03:42:17Z,0
554258490,4259,kellenf,COMMENTED,2020-12-17T03:42:24Z,0
554262173,4259,kellenf,COMMENTED,2020-12-17T03:55:41Z,8
556097176,4259,ZwwWayne,COMMENTED,2020-12-21T02:25:12Z,0
556806273,4259,kellenf,COMMENTED,2020-12-22T04:06:45Z,0
556806494,4259,kellenf,COMMENTED,2020-12-22T04:07:41Z,36
557747964,4259,kellenf,COMMENTED,2020-12-23T09:30:54Z,8
557768278,4259,ZwwWayne,APPROVED,2020-12-23T10:05:55Z,0
1221818916,9495,hhaAndroid,COMMENTED,2022-12-17T15:20:30Z,0
1221947214,9495,twmht,COMMENTED,2022-12-18T04:49:14Z,0
515423126,3985,ZwwWayne,APPROVED,2020-10-23T07:49:52Z,0
439111976,3082,yhcao6,APPROVED,2020-06-29T12:54:00Z,0
644115308,5039,ZwwWayne,APPROVED,2021-04-25T09:22:55Z,0
2109145763,11776,BIGWangYuDong,APPROVED,2024-06-11T02:23:11Z,0
2214337475,11776,hhaAndroid,COMMENTED,2024-08-02T01:40:25Z,0
2214904492,11776,MiXaiLL76,COMMENTED,2024-08-02T07:43:10Z,0
2214904835,11776,MiXaiLL76,COMMENTED,2024-08-02T07:43:16Z,0
2321054864,11776,BIGWangYuDong,COMMENTED,2024-09-23T02:40:30Z,0
967291928,7945,ZwwWayne,COMMENTED,2022-05-10T07:23:18Z,0
967292874,7945,ZwwWayne,COMMENTED,2022-05-10T07:24:06Z,0
967293682,7945,ZwwWayne,COMMENTED,2022-05-10T07:24:47Z,0
967371579,7945,jbwang1997,COMMENTED,2022-05-10T08:23:56Z,0
967373239,7945,jbwang1997,COMMENTED,2022-05-10T08:25:08Z,0
997978252,8090,ZwwWayne,COMMENTED,2022-06-07T11:34:03Z,0
998095422,8090,pallgeuer,COMMENTED,2022-06-07T12:56:11Z,0
999583872,8090,ZwwWayne,COMMENTED,2022-06-08T11:44:37Z,0
999690253,8090,pallgeuer,COMMENTED,2022-06-08T13:00:36Z,0
996457764,8142,hhaAndroid,COMMENTED,2022-06-06T11:00:02Z,0
997981033,8142,ZwwWayne,COMMENTED,2022-06-07T11:36:23Z,0
1032464115,8323,ayulockin,COMMENTED,2022-07-08T06:41:54Z,0
1230380541,9533,ZwwWayne,COMMENTED,2022-12-27T06:19:52Z,0
1230380735,9533,ZwwWayne,COMMENTED,2022-12-27T06:20:14Z,0
1234069195,9533,ZwwWayne,COMMENTED,2023-01-03T03:32:40Z,0
1235287994,9533,Min-Sheng,COMMENTED,2023-01-04T02:15:32Z,0
1235457962,9533,RangiLyu,APPROVED,2023-01-04T07:49:27Z,0
1236097775,9533,ZwwWayne,APPROVED,2023-01-04T15:50:34Z,0
916748341,7493,ZwwWayne,COMMENTED,2022-03-22T07:12:02Z,0
916816266,7493,jbwang1997,COMMENTED,2022-03-22T08:19:23Z,0
916874257,7493,jbwang1997,COMMENTED,2022-03-22T09:05:33Z,0
916915997,7493,RangiLyu,COMMENTED,2022-03-22T09:27:41Z,0
918359393,7493,hhaAndroid,COMMENTED,2022-03-23T08:31:01Z,0
920103607,7493,YuanLiuuuuuu,COMMENTED,2022-03-24T11:16:31Z,0
922312981,7493,ZwwWayne,COMMENTED,2022-03-26T12:31:26Z,0
922313021,7493,ZwwWayne,COMMENTED,2022-03-26T12:32:15Z,0
922313078,7493,ZwwWayne,COMMENTED,2022-03-26T12:32:51Z,0
924294571,7493,YuanLiuuuuuu,COMMENTED,2022-03-29T09:14:32Z,0
928430155,7493,hhaAndroid,COMMENTED,2022-04-01T04:54:33Z,0
932748515,7493,jshilong,COMMENTED,2022-04-06T03:48:58Z,0
2304478986,11916,ShanjayM,APPROVED,2024-09-14T14:05:14Z,0
2304479405,11916,ShanjayM,APPROVED,2024-09-14T14:05:27Z,0
962096673,7906,jbwang1997,COMMENTED,2022-05-04T15:45:14Z,0
962101560,7906,jbwang1997,COMMENTED,2022-05-04T15:48:47Z,0
962105231,7906,jbwang1997,COMMENTED,2022-05-04T15:51:29Z,0
1075339232,8362,jshilong,COMMENTED,2022-08-17T09:19:26Z,0
1230313165,9534,ZwwWayne,COMMENTED,2022-12-27T02:59:00Z,123
1243316557,9534,jshilong,COMMENTED,2023-01-11T05:48:12Z,0
1243318609,9534,jshilong,COMMENTED,2023-01-11T05:51:25Z,0
1243319616,9534,jshilong,COMMENTED,2023-01-11T05:53:03Z,0
1243319991,9534,jshilong,COMMENTED,2023-01-11T05:53:36Z,0
1246890580,9534,jshilong,COMMENTED,2023-01-13T04:33:21Z,0
1249731530,9534,ZCMax,COMMENTED,2023-01-16T08:28:08Z,0
1249750515,9534,Li-Qingyun,COMMENTED,2023-01-16T08:42:27Z,0
1249754199,9534,Li-Qingyun,COMMENTED,2023-01-16T08:45:09Z,0
1249783608,9534,ZCMax,COMMENTED,2023-01-16T09:05:45Z,0
1249787543,9534,ZCMax,COMMENTED,2023-01-16T09:08:22Z,0
1249819215,9534,ZCMax,COMMENTED,2023-01-16T09:25:28Z,0
1249826650,9534,ZCMax,COMMENTED,2023-01-16T09:28:50Z,0
1249982784,9534,RangeKing,COMMENTED,2023-01-16T11:40:16Z,0
1250303020,9534,Li-Qingyun,COMMENTED,2023-01-16T14:52:41Z,0
1250305736,9534,Li-Qingyun,COMMENTED,2023-01-16T14:54:27Z,0
1250305952,9534,Li-Qingyun,COMMENTED,2023-01-16T14:54:35Z,0
1250306082,9534,Li-Qingyun,COMMENTED,2023-01-16T14:54:41Z,0
1250306774,9534,Li-Qingyun,COMMENTED,2023-01-16T14:55:06Z,0
1252740644,9534,Li-Qingyun,COMMENTED,2023-01-18T02:23:49Z,0
1252740845,9534,Li-Qingyun,COMMENTED,2023-01-18T02:24:10Z,0
774552970,6205,ZwwWayne,COMMENTED,2021-10-08T02:59:34Z,0
774555511,6205,HarborYuan,COMMENTED,2021-10-08T03:07:01Z,0
774555941,6205,HarborYuan,COMMENTED,2021-10-08T03:08:16Z,0
775896486,6205,Junjun2016,COMMENTED,2021-10-11T07:38:17Z,0
775902722,6205,HarborYuan,COMMENTED,2021-10-11T07:45:28Z,0
781397042,6205,shinya7y,COMMENTED,2021-10-16T23:50:29Z,0
781405493,6205,HarborYuan,COMMENTED,2021-10-17T03:38:58Z,0
781438066,6205,shinya7y,COMMENTED,2021-10-17T11:25:48Z,0
782836423,6205,jshilong,COMMENTED,2021-10-19T06:27:35Z,0
782841274,6205,Junjun2016,COMMENTED,2021-10-19T06:34:49Z,0
787485007,6205,shinya7y,APPROVED,2021-10-24T08:41:40Z,16
875896182,7099,RangiLyu,COMMENTED,2022-02-08T11:35:39Z,0
876959495,7099,EasonQYS,COMMENTED,2022-02-09T06:09:59Z,0
877163540,7099,RangiLyu,COMMENTED,2022-02-09T09:29:27Z,0
879750501,7099,hhaAndroid,COMMENTED,2022-02-11T03:35:51Z,0
884045033,7099,RangiLyu,COMMENTED,2022-02-16T07:01:28Z,0
1106774979,8735,BIGWangYuDong,COMMENTED,2022-09-14T05:33:48Z,0
1106834322,8735,BIGWangYuDong,COMMENTED,2022-09-14T07:06:33Z,0
1346913286,9981,BIGWangYuDong,COMMENTED,2023-03-18T04:48:32Z,0
1346946362,9981,mmeendez8,COMMENTED,2023-03-18T08:00:05Z,0
1358554646,9981,mmeendez8,COMMENTED,2023-03-27T08:05:52Z,0
1362258203,9981,BIGWangYuDong,COMMENTED,2023-03-29T05:05:56Z,0
1380853342,9981,mmeendez8,COMMENTED,2023-04-12T08:59:08Z,0
1540359012,10574,hhaAndroid,APPROVED,2023-07-21T01:55:19Z,0
676840329,5282,jshilong,COMMENTED,2021-06-06T08:26:25Z,0
677356599,5282,SemyonBevzuk,COMMENTED,2021-06-07T12:37:50Z,0
639473365,4990,RunningLeon,COMMENTED,2021-04-20T03:36:28Z,0
640131972,4990,SemyonBevzuk,COMMENTED,2021-04-20T15:45:39Z,0
642892645,4990,RunningLeon,COMMENTED,2021-04-23T03:08:24Z,0
642958801,4990,SemyonBevzuk,COMMENTED,2021-04-23T06:19:43Z,0
1510715954,10498,Ben-Louis,COMMENTED,2023-07-03T08:57:42Z,0
1544325014,10498,rydenisbak,COMMENTED,2023-07-24T21:44:16Z,0
1544330144,10498,rydenisbak,COMMENTED,2023-07-24T21:49:24Z,0
1642082129,10498,rydenisbak,COMMENTED,2023-09-25T12:45:47Z,0
1642082623,10498,rydenisbak,COMMENTED,2023-09-25T12:46:04Z,0
1690102378,10498,rydenisbak,COMMENTED,2023-10-20T13:56:50Z,0
2321050288,11884,BIGWangYuDong,DISMISSED,2024-09-23T02:35:09Z,4
2321062410,11571,BIGWangYuDong,APPROVED,2024-09-23T02:50:09Z,4
1366155004,10053,RangiLyu,APPROVED,2023-03-31T02:13:15Z,0
1366179769,10053,hhaAndroid,APPROVED,2023-03-31T02:48:28Z,0
1360093409,10026,hhaAndroid,APPROVED,2023-03-28T02:00:53Z,0
1355960229,10016,hhaAndroid,APPROVED,2023-03-24T03:44:19Z,0
1502161969,10561,Nioolek,COMMENTED,2023-06-28T02:45:13Z,0
1502171142,10561,Nioolek,COMMENTED,2023-06-28T02:58:56Z,0
1502174225,10561,Nioolek,COMMENTED,2023-06-28T03:03:27Z,0
1502177552,10561,Nioolek,COMMENTED,2023-06-28T03:08:22Z,0
1502182268,10561,Nioolek,COMMENTED,2023-06-28T03:10:27Z,0
1502182994,10561,Nioolek,COMMENTED,2023-06-28T03:11:26Z,0
1502184595,10561,Nioolek,COMMENTED,2023-06-28T03:14:09Z,0
1502185288,10561,Nioolek,COMMENTED,2023-06-28T03:15:24Z,0
1505164834,10561,shufanwu,COMMENTED,2023-06-29T12:15:20Z,0
1505167904,10561,shufanwu,COMMENTED,2023-06-29T12:17:18Z,0
1505204025,10561,shufanwu,COMMENTED,2023-06-29T12:36:56Z,0
1514455460,10561,shufanwu,COMMENTED,2023-07-05T12:57:34Z,0
1525430832,10561,Czm369,COMMENTED,2023-07-12T03:20:33Z,0
1525432902,10561,Czm369,COMMENTED,2023-07-12T03:24:23Z,0
1525435924,10561,Czm369,COMMENTED,2023-07-12T03:30:04Z,0
1525440743,10561,Czm369,COMMENTED,2023-07-12T03:38:58Z,0
1525448233,10561,Czm369,COMMENTED,2023-07-12T03:51:21Z,0
1525449828,10561,Czm369,COMMENTED,2023-07-12T03:53:39Z,0
1525451499,10561,Czm369,COMMENTED,2023-07-12T03:55:52Z,0
1525455295,10561,Czm369,COMMENTED,2023-07-12T04:02:07Z,0
1306927931,9812,ZwwWayne,COMMENTED,2023-02-21T08:35:05Z,0
1306928899,9812,ZwwWayne,COMMENTED,2023-02-21T08:35:43Z,0
1306955935,9812,zwhus,COMMENTED,2023-02-21T08:50:18Z,0
1308383241,9812,ZwwWayne,COMMENTED,2023-02-22T01:17:57Z,0
1315866982,9812,austinmw,COMMENTED,2023-02-27T15:46:40Z,0
1316710728,9812,zwhus,COMMENTED,2023-02-28T02:24:41Z,0
1416547182,9812,hhaAndroid,COMMENTED,2023-05-08T10:47:27Z,0
1423760152,9812,hhaAndroid,COMMENTED,2023-05-12T04:39:11Z,0
2040101152,11680,hhaAndroid,DISMISSED,2024-05-06T06:49:53Z,0
2169325235,11809,MiXaiLL76,COMMENTED,2024-07-10T14:23:56Z,0
